Id;birthdate;SSN;first_name;last_name;sex;locationId
70c2211c-b7b7-d0fc-fde6-2ba739867866;2013-09-22;999-86-1907;Babette571;Hodkiewicz467;F;1
2df76ddc-65c1-4909-174b-5ca458ddba02;2009-03-09;999-39-8239;Tristan353;Balistreri607;M;2
74d8e8e3-340d-5dec-3234-54a2a5db23a8;2016-09-18;999-63-1426;Dani520;Wolff180;F;3
7adc915c-192a-d800-96e1-776559c15965;2021-11-24;999-89-6655;Loreen513;DuBuque211;F;4
43f41797-8919-badf-a707-cd0b07b4f21a;2008-03-09;999-93-3802;Emile522;Cole117;M;5
d2b9de8c-6a73-8e6a-f4b2-ee5cc4d0ea73;1938-07-29;999-67-4050;Billy698;Gorczany269;M;6
37a1f506-1a20-57ff-64ba-9d3015054d47;2009-12-01;999-98-2671;Carl856;Smith67;M;7
40f9a979-11c1-84fe-f3e4-f7e95a19c9d2;2006-05-17;999-27-5118;Moses679;Volkman526;M;8
d50cec93-0eb0-fed0-bd3c-517fe8b300f5;2000-03-26;999-24-1593;Jordan900;Jenkins714;M;9
7e186c87-e130-61e6-8039-32e7cf38ffa1;1992-08-06;999-15-4812;Clifton91;Huel628;M;2
63566f04-e0f7-e3c6-ad41-7a34bcdd0711;1994-10-22;999-49-4519;Bev675;Prosacco716;F;10
11f13954-d1c2-06f8-681d-bf4da4d740ec;2020-01-18;999-76-9178;Damon455;Pfannerstill264;M;11
56cc5f6e-a325-33a1-bc79-32f24dd1ffda;1984-09-06;999-96-1187;Donnetta255;Jerde200;F;12
63d42eca-1925-410d-14ac-cf5acc223c79;1999-10-26;999-28-5843;Osvaldo336;Moen819;M;2
bd9757d6-4dfd-8d8d-4e0d-8c2a23b570de;1994-08-16;999-43-5361;Stuart913;Klein929;M;13
48b6dc70-7133-d671-aa2f-7161fea430d1;1973-01-29;999-29-9247;Catalina187;Macejkovic424;F;14
77c58579-c1bc-1208-5603-637094badd0b;1992-02-18;999-89-5354;Tad831;Cole117;M;15
6617d648-229e-3cb6-84b4-26c2504df598;2004-02-29;999-14-1232;Qiana980;Welch179;F;2
1868881f-aaec-3b05-5afa-bf3a041fa0b1;1985-03-11;999-54-8283;Sidney996;Kris249;M;16
c414c848-26a8-c3c6-1526-189d63cd12f0;2016-03-31;999-77-2116;Isidra572;Senger904;F;17
761461b2-9ffe-cf80-33cd-39bf5452c445;1997-05-31;999-40-7684;Gavin481;Kunze215;M;18
0e50bdd5-b8a2-6b01-ba66-6807c6c18173;1960-12-10;999-37-1004;Luciano237;Gottlieb798;M;6
b9159dea-e4be-254a-4274-6a65068c2ad1;1993-02-15;999-89-8265;Leroy603;Lehner980;M;19
5bfbaea6-0648-bc6a-5728-a72d451ac405;2021-11-10;999-27-6532;Long300;Bergstrom287;M;20
5bca562f-4d37-96d8-8288-bb119f0c620e;1938-07-29;999-28-1545;Monty345;Reynolds644;M;6
a79578db-e208-9dd7-5b0a-4831653696d5;1957-10-23;999-77-4930;Lavonna163;Dicki44;F;21
f88a6ec4-d12b-be80-b191-c6424910d323;1958-12-20;999-81-7520;Demarcus108;Hermann103;M;22
63b41106-31d3-cbd9-d0e1-27a4de75097c;2001-02-28;999-32-4913;Amos720;Block661;M;23
ec4c09a2-bb44-3484-beaa-bf9822804588;1962-10-16;999-18-5217;Glenn0;Kuhic920;M;24
c4598f04-04e0-2172-ae94-f4799192fee6;2018-12-25;999-27-9191;Cierra898;Block661;F;25
8a0158b0-9112-d2e8-7c89-839039a6f94e;1962-06-02;999-10-9819;Adriane398;Collins926;F;26
9ccec95e-5737-cb2e-b549-dce1f9039044;1996-10-27;999-56-9657;Rolf983;Kozey370;M;27
cbe84be9-ce76-f2ee-865f-371fcb810cb3;2022-10-25;999-70-6299;Alex454;Hahn503;M;24
9de79ea6-ad9e-fdf7-7744-f7de12bd12d7;2012-08-09;999-84-1422;Adrienne302;Hessel84;F;28
8b4e9ece-94cb-ec24-ef7e-a9548e3eabaf;1954-11-04;999-89-8072;Sydney660;Senger904;M;29
7bfe4a23-ee8a-e616-72e1-e09741d0b0b4;1976-03-15;999-77-5596;Stella203;Stark857;F;2
dcafaa03-44ce-b149-3ad9-6f9e95d1e122;1958-01-08;999-72-3091;Michel472;Trantow673;M;26
d5f113dd-f8f1-f919-6171-0a517416c064;2007-07-16;999-11-9409;Etsuko685;Dicki44;F;30
b1ebe0da-b34f-dc8b-9f0d-1b027367584b;2011-03-31;999-12-6049;Carlton317;Pagac496;M;31
b4324081-9193-51bd-cc85-900555a03c2d;2006-01-23;999-63-7444;Theo630;Veum823;M;2
1fc31f18-825a-372c-9f1a-d135c722d11d;1960-07-18;999-54-3667;Ellamae709;McLaughlin530;F;32
1add6bcf-17ca-8b88-118e-b74af70d659f;2001-02-25;999-56-2768;Lucia634;TreviÃ±o536;F;2
001fe5ed-dfc5-d026-3850-8a8704c1874b;2024-11-15;999-58-8967;Shiloh191;Lueilwitz711;F;33
650df434-d6a6-d17a-1354-15ba463b81e2;1983-10-30;999-17-1025;Amado512;Barton704;M;34
4b4ac9c7-9ecf-96e0-e960-6a1b6a6612f5;1993-10-15;999-44-9806;Tyson541;Macejkovic424;M;35
f916b790-3489-4ecf-b4f6-6b8fdecc53cb;1987-06-30;999-87-8256;Andres25;Rosenbaum794;M;36
6604b94f-e6ee-b9e4-222d-4d16f76d0dee;1951-10-23;999-93-1317;Kimber624;Bartoletti50;F;37
a3380c48-fa0a-396b-8f70-1c67ee814898;2002-03-01;999-50-2659;Wayne846;Strosin214;M;38
d3aa022d-a0b4-446d-06be-85abe40b2c79;2006-01-23;999-69-8415;Kory651;Boyer713;M;2
ef6cb9dc-f040-27b0-5f4d-7416952c96cf;1938-07-29;999-16-1071;Antony83;Hessel84;M;6
01927c96-8fa2-1d46-a37a-fe55b07e9f7b;1972-07-19;999-80-2190;Jerrie417;Braun514;F;39
09c28dd3-aca8-9454-7165-fdfc5b647a42;2001-01-13;999-60-5420;JosÃ© Emilio366;Navarro863;M;2
6c28a2d7-98be-8998-8319-3c0069041039;2004-03-16;999-31-8436;Diane211;Hand679;F;39
059f1288-5866-890b-59ab-6e61ee057335;2004-07-23;999-32-1647;Dannielle300;Reynolds644;F;40
4604ecf5-e237-85bc-7bc4-ce35ea6cfeb2;2006-07-05;999-71-7754;Ellsworth48;Bartell116;M;41
0db18f1e-fa87-3f93-ada0-f7ec7aa86335;1981-02-07;999-63-5267;Alexander630;Gorczany269;F;42
01642746-c942-e80e-e712-bd048c714b8c;1988-10-04;999-24-5630;Nigel915;Fisher429;M;43
5188859b-fa7d-f826-b433-69776cdd7aae;2009-01-29;999-99-9789;Eugenio846;Rodriguez71;M;44
899187c9-69f7-ea20-ab5f-9ec8244c18e6;1973-10-25;999-70-3192;Yolando662;Kozey370;F;45
9c482b5b-3b09-1c33-2142-8f82951fbae4;2005-07-02;999-68-7617;Eleonore965;Flatley871;F;2
49e5fe96-004a-ee27-0e27-a7ac013e0e96;2016-03-25;999-27-7711;Jacquelin132;Douglas31;F;46
b1cf93b6-94a4-8e9f-3423-0c1872bf7bf3;1979-08-28;999-94-7678;Sharen57;Keeling57;F;47
83850985-0b7e-c209-8df7-ea7cf4dcfe4d;2024-10-16;999-69-7013;Roselia779;Monahan736;F;48
0cc069df-b659-5910-b76a-583d1b827b9a;1960-03-18;999-18-5851;Buck819;Koss676;M;49
1c192ec0-3273-9026-fedb-2e49a669aced;1952-02-08;999-32-6921;Renato359;Marks830;M;50
c909def0-2deb-d7dd-3594-5d428b0a4522;1994-12-10;999-40-8959;Rusty501;Nikolaus26;M;51
18412254-7ad6-e45d-52bc-dc665e4a1544;2018-11-09;999-52-8638;Florence828;Corkery305;F;52
7da75b35-7bc7-2301-5882-a0cc5de5874b;2022-12-03;999-10-1767;Ana972;Witting912;F;53
931d6ddb-b095-529a-f427-57d9c5df303f;2002-04-11;999-36-9524;Dillon740;Nicolas769;M;54
cd6f68a5-57d3-30f4-9708-d415fe3216ef;2005-03-04;999-44-9549;Rivka589;Spencer878;F;55
18789f9c-7daf-790f-3d5f-141c693f08c3;1952-08-29;999-57-3557;Esperanza675;Rosas160;F;56
38a9455a-5ebf-a285-530e-76a2a304948f;1938-07-29;999-78-9708;Buster609;Emmerich580;M;6
dd178134-2680-debd-2539-4a521c11f242;1974-06-13;999-80-8361;Carolina179;MarroquÃ­n624;F;55
96afe755-5c9f-a0bc-da8f-8b35d6476135;1965-09-21;999-98-3090;GermÃ¡n350;CalderÃ³n210;M;57
18e84ea0-23c9-8b00-2649-9658a3cf2ecd;1978-09-15;999-70-2697;Garret233;Ondricka197;M;58
974adaba-3217-b66d-2887-2443349196fd;2016-11-09;999-18-6818;Gus973;Mohr916;M;25
0080f880-7a94-24f8-8012-e5a180cd4bb1;1960-09-19;999-67-7731;Joselyn874;Balistreri607;F;59
35a4866e-9ea4-4acd-3e86-95977abaa70d;1978-07-05;999-66-2119;Lindsay928;King743;F;60
e743bb71-e2d8-83a4-d7f7-a089702fde95;1993-01-17;999-13-2732;Hettie215;Purdy2;F;61
9a474bf7-de62-ae03-43e1-21451e952808;1963-02-02;999-23-1702;Numbers230;Cassin499;M;62
be468ad5-4129-a8ee-af65-df55a7b84319;1976-12-28;999-74-7498;Chong355;Wyman904;M;50
997e53dd-d2c5-8405-3dc0-338c40ffc483;2006-06-02;999-71-8893;Emelia239;Pfeffer420;F;21
7501039d-f685-bfaf-08a7-0cc8acaaf16a;1961-10-30;999-72-9458;Kala987;Bechtelar572;F;63
f4d0f96f-c039-a693-cb3a-aa9498d27d12;1961-10-31;999-19-7932;Yuri475;Hilpert278;F;64
b544e10d-485d-c6c3-25ad-1c187fd18267;2016-06-01;999-70-3819;Sally227;Larson43;F;65
2eaad07a-882d-95af-c60a-4424fb881567;1975-10-10;999-42-2162;Omer483;Lubowitz58;M;10
661611d3-f6db-b174-b3a1-e5a6aadeb8b6;2008-11-25;999-94-6276;Ethyl508;Weimann465;F;22
7f6e8672-f2e7-4981-f6c8-a483d64292af;1998-01-08;999-46-2940;Sharie942;Hane680;F;66
19f9046e-ca93-f758-bae0-db889ed10fc8;1970-06-22;999-65-6656;Makeda237;Adams676;F;67
775f3dcb-12af-ff4c-367a-236094a3de5d;1963-08-24;999-32-5502;Jessie665;Terry864;M;68
e78a4d98-3fd7-d6d4-2baf-193ff05ede45;2001-10-15;999-12-6292;Rudy520;Bartoletti50;F;18
5a70257c-4cb6-0c98-ea89-71f2c99369c8;2021-02-08;999-96-8977;Gregory545;Hegmann834;M;69
c3f36b89-8cb8-14ba-5809-2a80ff48787b;2008-09-29;999-27-2765;Shantelle354;McLaughlin530;F;70
63370ada-3325-c396-b921-e5838722b327;2002-05-01;999-18-2980;Elena945;Garibay313;F;33
32ae1401-8086-4a32-c325-0cf5844ac522;1975-04-29;999-22-7418;Winnie378;Stark857;F;71
e8f29ea4-494c-22c4-26bd-1de62b1c2c69;1996-11-23;999-62-3717;Florentino8;Herzog843;M;22
e89e2387-aed2-9594-d636-3158cfbd9a89;1987-06-30;999-13-6959;Colby655;VonRueden376;F;72
0eb09d77-2ab3-7243-0b0e-a85985b872a3;1974-08-16;999-18-8931;Kraig824;Schroeder447;M;73
3945b50a-8568-3bc2-6f9f-fa4d3a4ec8b7;1981-10-17;999-32-3747;Bert917;Orn563;M;18
e48aaa06-0b3e-0a26-813e-39a3b7ceefa6;2001-09-28;999-44-2383;Tory770;Stiedemann542;M;74
a35d0aa3-43cb-3870-14f0-68d0865ef153;2004-05-25;999-77-2184;Rene434;Koch169;M;75
7fdbdc36-88a1-858c-3678-e89c55a50111;2015-04-19;999-90-9717;Diego848;MatÃ­as497;M;76
705852e7-d0e1-544e-37e8-756d67c9fae6;2012-05-30;999-21-5565;Shaquana156;Lindgren255;F;52
680643ca-730a-ade1-0aa8-1176ad1216f9;1958-06-24;999-28-7564;Scott935;Bednar518;M;2
93f120fb-156a-5aad-fbde-48aaeeb54208;2014-05-27;999-64-4188;Soo315;Rosenbaum794;F;77
005578aa-cc82-325c-ae31-26138ad14039;1991-08-28;999-15-9605;Irvin970;VonRueden376;M;2
9d40b0ff-9361-fa00-dfe7-4220e03d18d5;1976-12-28;999-62-4349;Corey514;Stokes453;M;50
74ff73e0-e140-0651-e8b6-bde686db5d4a;1972-12-27;999-79-7743;Brenna468;Pollich983;F;78
162a002c-6ea6-fccb-7f19-5f78f538a208;2014-05-11;999-67-5663;Yolanda648;HolguÃ­n308;F;21
45ceb19e-529b-80a4-dd28-d18e51cce438;2015-09-05;999-87-3464;Fermin479;Erdman779;M;79
0c345e0d-c8dc-929b-0890-784f267a8e01;1973-02-23;999-22-1390;Alonzo487;Lockman863;M;80
f07746c7-ae79-32ba-3ef7-d4d874da6a87;1976-04-11;999-59-4175;Carter549;Stracke611;M;52
72f968a7-54ce-cfb7-36e9-a95867a0941d;1952-01-22;999-35-1849;Ethan766;Rosenbaum794;M;12
c48a2c2e-f6b5-d3db-3a78-ceeb32064e69;1999-03-27;999-34-1239;Celestine956;Hahn503;F;81
c4bdb637-7214-0816-e1bd-f173819ffa34;2023-11-21;999-54-8116;Salvador46;McLaughlin530;M;82
295d74f2-ff60-b6d5-de82-4b3733d8df93;1969-11-26;999-58-9742;Kenny207;Reynolds644;M;83
d63d48c1-a43f-05a8-fa6c-b80ea7702099;1966-12-19;999-15-1337;Shea825;Altenwerth646;F;2
6e6c0ebf-751d-1ab4-7c1b-60d323b9d81c;1978-07-18;999-39-6333;Jeromy156;Klein929;M;84
1d4bda9a-7d48-d265-e21c-887496806857;1979-08-01;999-39-2179;Grover559;Rath779;M;85
48a40875-e725-e41b-d000-7b6743a8452c;2002-12-29;999-17-7140;Sherly665;Haag279;F;86
adb63d6c-91ca-2c3e-7547-2df758999eda;2022-06-23;999-93-8708;Stefania815;Quigley282;F;87
f416329c-c643-0a5a-3b9a-40961ad7e783;2025-04-30;999-98-7626;RubÃ©n780;Llamas954;M;88
dbb83d51-ab0e-4124-b061-220da16ad228;1989-10-04;999-15-9218;Leslie90;Schuppe920;M;89
52f2a696-2e3d-03a9-bc33-e338aa684f9f;1992-11-25;999-36-1733;Lacey714;Cormier289;F;90
a426a2ec-721d-416e-09a2-a782a2472c7e;2006-08-25;999-48-2898;Herb645;Kozey370;M;91
a7f670f6-1900-48aa-6c3b-35bdf82edfb9;1939-05-22;999-29-6387;Salvador46;Gibson10;M;92
43e871ef-c31f-6625-ee3d-07c2e028ed78;1952-02-08;999-11-5697;Zachery872;Kihn564;M;50
af0e0193-4188-8c14-da17-e19b0c236515;1972-12-27;999-58-2538;Fredia307;Batz141;F;78
f13a23f2-3000-9889-2bb9-c37bbfd20e20;1984-11-22;999-49-4186;Enrique929;RolÃ³n954;M;26
fe514f3d-3206-674c-fb23-356647dae2e8;2013-08-26;999-91-7130;Johanna547;Shields502;F;93
7095c8cd-477d-9ff8-4ac3-ec604e32521c;1973-02-23;999-30-8724;Clifton91;Romaguera67;M;80
9f303614-034b-f19b-726f-9cc55c05c826;2013-05-23;999-73-7243;Wyatt967;Johnston597;M;85
7611b0fe-18c2-6bf3-67d9-bf7e8977d66c;1978-07-18;999-26-4395;Calvin845;Satterfield305;M;84
b053cc7a-3760-6488-1713-856ddaf82239;1981-08-08;999-34-8369;Annabel185;Glover433;F;52
40bb0381-19cc-2eeb-81b4-183c65b57766;1994-03-17;999-40-4080;Weston546;Hoeger474;M;94
79753693-d9cf-5667-3fdf-1b22cbbc98ef;2009-10-25;999-27-2165;Zoraida650;Mraz590;F;95
f16c5a5a-7e9f-c3d8-cd40-576ec436a628;2020-03-30;999-73-6964;Carmelo33;Fadel536;M;26
586af4eb-d148-2f6b-3113-2072b0c3b512;1997-04-01;999-85-2548;Sung603;Harber290;M;79
2b6f7e98-6638-242d-7e37-dfd3cf35466f;1995-07-15;999-69-2858;Margot418;Harber290;F;96
daaedeb6-1559-bdaf-9590-7e90a2b36496;1992-10-30;999-87-2039;Shery223;Stoltenberg489;F;97
8cb1bd0a-b1ea-cc3d-510c-d037ca538df1;2011-10-06;999-44-6021;Calvin845;Windler79;M;26
fce9108e-e8a6-0fdf-5958-2281298bdb0a;1982-06-07;999-45-8008;Rufus33;Bruen238;M;65
4a44e8c8-a921-a48b-7860-bd26ab2b30d7;1969-11-26;999-88-3841;Tuan998;Collier206;M;83
546cc588-e095-7cdb-5392-cdcab8f4f4ad;1959-04-29;999-18-2750;Johnna810;Grant908;F;92
956619a6-97ed-2d3a-aa09-dd582d457b79;2024-08-24;999-19-4566;Rodney21;Feil794;M;98
61579c2e-cd7b-1ce6-ae8a-231680bafbf2;2004-09-19;999-20-2542;Wilson960;Schuppe920;M;2
84ec0d8f-0ac2-bbc3-a889-3bdadb7260f0;1987-08-09;999-50-1444;Bess947;Effertz744;F;99
c03bfba4-3b1c-2f83-005a-0f22cd806d1a;2011-03-05;999-82-3451;Analisa263;Rodriguez71;F;100
cc89a0de-fc79-7081-5137-30f6f86756c4;1993-04-06;999-32-2692;Adam631;Monahan736;M;2
48a322bb-e6a7-9d2e-b512-b47f84434323;2013-10-25;999-45-3713;Norma469;Jurado563;F;101
d5e51b62-342f-f2d4-ab8b-3db73b62fa88;1956-10-15;999-65-9151;Ervin886;Kris249;M;59
5fd4c59e-7e20-e1ee-e15c-61a8475963b2;1991-07-29;999-33-6525;Xiomara943;Graham902;F;102
6b407690-7342-e81c-81d7-37200bab14a7;1991-11-01;999-39-7993;Jarod376;DuBuque211;M;96
4f45e2bb-9119-1b51-9319-8a9b55f93ad9;2019-03-31;999-52-8597;Inocencia535;Botsford977;F;76
9afea6b8-67d6-b785-7626-6767bdac0b58;2000-09-10;999-73-4398;Carmine137;Effertz744;M;103
d7b374d1-a811-54cb-d0b9-80aa6be3d5e8;1969-04-29;999-59-7021;Xiao631;Gulgowski816;F;21
9bcc5cf5-65de-5ac6-9bb2-e29eee8f454b;1956-06-02;999-75-8803;Kamilah729;Barrows492;F;104
6ab0094e-d39b-a7cb-afe3-43a0d6b8af5d;1953-07-02;999-80-8987;Malorie969;Jacobs452;F;105
c0adcd69-af79-4175-7b83-cc1f02c4ac8b;1971-12-09;999-84-1897;Lesley194;Gusikowski974;M;46
eb7e41b5-174f-c23a-cf49-55c07b21aaab;1998-06-30;999-56-9529;Ricarda574;Schmitt836;F;55
60fe3e26-4d23-8399-bf14-85094a1304cb;1992-08-30;999-49-6967;Sean831;Predovic534;M;69
62131cc3-42b3-77ef-090a-4ea82fd562d7;2009-02-19;999-94-4839;Hermine424;Weimann465;F;20
a6de436b-fd23-f7d1-5edb-038985b9a40d;1968-07-04;999-42-5969;Malena136;Skiles927;F;106
f25c081e-4d1f-0be7-e34a-9fd7bdb732c3;1969-11-26;999-84-9586;Burt293;Jacobson885;M;83
560e45be-f21b-4fa8-7f7d-d913f6889a52;1962-05-25;999-29-2096;Isobel140;Volkman526;F;107
f774a48c-ad4b-3c13-121d-8b3b78626a1a;1962-07-04;999-41-4644;Russ979;Keebler762;M;2
77d4f971-ebd8-df75-031b-54b131d1e485;1951-04-15;999-67-8096;Onita767;Adams676;F;108
2f9b28c7-8beb-cf13-f819-defa48844588;1978-08-20;999-46-8408;Nina110;Grimes165;F;109
84206eb0-4e03-e440-72df-bb544080cb3e;1960-11-16;999-50-6939;Israel728;Fahey393;M;110
4da0488a-40ca-ae36-4254-d2065b73a5e8;1977-09-11;999-22-6696;Rosaline65;Jakubowski832;F;111
f1f62b1c-4d3e-569a-bb06-b14e3f20c307;1981-07-06;999-87-8972;Jamila16;McClure239;F;22
9e534256-ef04-8ae6-f9fe-5bf8999315f8;1956-04-25;999-28-1851;Jonas187;Tremblay80;M;29
52a58f12-dafd-8c53-4e65-b5766a5a451a;1954-06-06;999-65-5354;Manuel446;Rodriguez71;M;69
2afd111a-5e26-ce2d-9362-6132e0823f48;1962-06-24;999-89-1047;Zana914;Wolf938;F;79
00ef764f-5c4d-af38-f9fc-1b4edb5438ee;1951-07-23;999-49-1826;Taneka590;Yundt842;F;112
5fa77838-bfd9-3716-c74b-093d6b179a4b;1962-07-29;999-28-3396;Yolanda648;Tillman293;F;32
a8a980a9-18a1-3dc3-1d67-8bc41c1edf57;2012-05-27;999-48-3899;Rick943;Hudson301;M;113
02ffe0f8-1d7a-7ba4-bc77-cb75973ed5e2;2006-09-05;999-29-7439;Edwardo860;Bauch723;M;114
e8e8e76f-c081-2c7d-a974-452db6d04493;2012-07-23;999-22-8600;Florinda19;Carter549;F;115
6b6ef026-b5d8-f8e9-a64d-87b9e934f487;2022-01-10;999-51-4443;Evan94;Aufderhar910;M;65
fb02dd5b-8c77-3725-b29d-ea4b8eb97b80;2016-04-07;999-96-4748;Neoma676;Harris789;F;116
eaa2c3c9-8408-e098-edf0-3322467952c7;1956-06-02;999-54-4066;Zandra428;Mann644;F;104
a391bbc9-ce64-0fe1-bf32-27aa22a7a879;2005-12-31;999-68-6914;Reid278;Boyer713;M;117
a0185162-bd6e-cf2c-917f-98ca248e9589;1985-01-05;999-64-9249;Archie818;Rice937;M;2
2028dc0a-b332-454b-3aef-cf5d5a94765e;2013-09-27;999-33-5341;Tracey100;Effertz744;M;34
703262fc-0247-ffc3-9e42-a6ae21017990;1992-06-30;999-60-1379;Jerold208;Spencer878;M;2
888ada02-1bcc-c5c2-438d-72fedcf0784f;1990-06-21;999-59-4707;Gregorio366;Kuhlman484;M;118
194c1b59-8207-fe65-eac2-c1574a8b5828;1980-10-17;999-16-2788;Frederic454;McKenzie376;M;119
f856b6d2-66e1-e215-022f-40f8a6979242;1991-09-21;999-35-2467;Jenni670;Hoeger474;F;94
1e9742c3-15eb-8cbe-a367-e7aede63f341;1976-10-06;999-75-4308;Kevin729;Sawayn19;F;32
09860598-639b-9de4-3b91-50a24f96e018;1942-04-11;999-61-5977;June482;Grady603;F;18
1f632f83-fa4a-bd8f-f807-63af637941d2;1968-01-13;999-48-5832;Columbus656;DuBuque211;M;63
4c1f4d17-9ff0-959c-b22b-014911a73340;1975-03-07;999-55-7459;Frida746;Balistreri607;F;10
3cff1fb1-78e0-1509-ad78-e75dea50f5fe;1959-02-06;999-81-9832;Lewis216;Marquardt819;M;55
ecfff829-b224-7ef6-834a-65fc3c6aa22d;1954-06-06;999-76-3461;Ira784;O'Connell601;M;69
5d24e137-96de-3dae-4a49-ccf5ab1f68d5;1972-03-28;999-20-5474;Cedric746;King743;M;120
30ec0ccc-6dd4-7db0-7de8-51224f2f46b4;2014-10-06;999-82-6058;Herlinda751;Lesch175;F;120
5b0813bc-890e-e6ac-5c0f-41492ae75ef9;1989-12-28;999-76-4807;Karlene380;O'Keefe54;F;2
c97094b4-23a3-a595-2e23-a1154c068b88;1972-06-21;999-74-3210;Andra606;Satterfield305;F;18
8367f525-5e92-3465-636a-833fc6fede8f;1958-10-04;999-48-1291;Rosalyn434;Weimann465;F;121
a5ef4e1e-b191-16c8-61de-db79c462f09b;2025-12-28;999-14-3076;Rozanne215;Friesen796;F;63
123d658f-0016-92cd-2403-874e5b5c3995;2024-04-15;999-95-8087;Emerson869;Dooley940;M;59
45d15f39-6532-a96b-6fa9-1d30dfa6b8f4;1997-08-12;999-95-4066;Taylor21;Hills818;F;113
332b5764-5917-cc03-e0d7-bf381637fb7f;1974-04-23;999-34-6917;Sydney660;Rowe323;M;21
f9cc5f27-0b49-d8f9-5e6c-d995d016c1bc;1998-10-26;999-71-7821;Daryl568;Olson653;M;122
ea266c80-8b29-702d-6be5-9fc1bb1c5cc8;1979-04-13;999-70-3699;Gisele901;Vandervort697;F;123
7e572a35-1250-fe1b-162b-1920eae6b793;2006-11-01;999-42-1216;Melvin857;Bartoletti50;M;124
20ec2842-5d46-8402-9312-fd6d8aebfdc1;2014-10-26;999-48-7417;King743;Reinger292;M;125
7791f9c1-1b6b-4b5a-cb03-3b7f540d819f;1968-10-13;999-56-3241;Dorla228;Bosco882;F;102
f7dfbda1-c660-c265-4547-3d183893bbbc;1991-08-09;999-31-7554;Frederic454;Von197;M;126
cf241360-3ab4-7432-d1a3-d4d82121028c;2009-05-22;999-10-6521;Gabriella773;Kling921;F;2
8f2bf70b-1ccc-b2cb-5d43-ac76711bcb29;1959-02-06;999-71-4518;Tuan998;Bauch723;M;55
cc955976-5116-3193-1e25-d6d9a3d0b7f4;2002-11-21;999-40-3931;Silva841;Dare640;F;127
a35ab3e0-b36c-cc4e-0e67-ef3ec246814f;1995-03-25;999-22-9957;GermÃ¡n350;Huerta329;M;113
a74b1b09-2ddb-d025-11a5-0602ebba934e;1958-09-30;999-52-2505;Ian270;Buckridge80;M;40
250ffd87-9d33-42f2-307e-e2cdceb7083a;1942-02-08;999-83-9996;Rolando809;Steuber698;M;52
c99c586b-623d-c224-fd2b-fbeb0697835e;2016-12-23;999-45-4519;Claudette391;Abbott774;F;84
f75bd36b-5e19-d166-d91e-8bd78d1fe7f3;2004-08-05;999-38-3759;Javier97;Zambrano764;M;2
848d92c5-b69c-59f5-8fe7-53d15bb24c62;1962-06-24;999-20-5080;Gary33;Mueller846;F;79
8dfa4a30-1f3f-963c-4c42-4a3cb7c3b855;2004-01-12;999-98-9677;Bill567;Champlin946;M;128
d2e9bc68-711b-7b75-b090-16e9bfef052b;1991-08-09;999-88-3722;Erwin847;Monahan736;M;126
73731e36-a76b-a998-ac1b-21cf44cad358;1974-07-14;999-52-9190;Joie561;Jakubowski832;F;129
d8f4b3f2-4290-253e-e7d1-52191df2be9f;2014-05-03;999-99-4537;Kurt412;Nicolas769;M;71
93704016-23e6-81c7-79e7-8dc3bcc74a4a;1964-05-17;999-45-5859;Leroy603;Kulas532;M;91
34479261-06d4-9f83-e9ce-730ffbd98bd3;2011-06-23;999-74-3020;Edison640;Willms744;M;130
5a6d2799-e25d-fc01-12f5-27cf055c74e0;2010-08-23;999-23-6354;Darron84;Jaskolski867;M;84
137ad8ee-bffd-47cf-3569-cd4000aa3d06;1962-05-25;999-87-8845;Onie555;Block661;F;107
6d20b613-2b62-843a-d934-6ccf9f64c512;2002-04-06;999-95-3139;Cedrick207;Konopelski743;M;2
23f5c22d-c06d-d25f-c84a-4627376cb5f6;2005-10-23;999-39-5431;Claudia969;Herrera193;F;26
56c97e6e-5d16-0b09-6778-56bd92617bab;1991-10-20;999-15-8628;Ophelia894;Stanton715;F;131
f2157c0a-10dc-2d4f-13c0-76b24d3185b5;1968-01-21;999-32-9523;Ena816;Bradtke547;F;132
cfa33b61-a97d-a1ad-a1b1-77ad3caa28fd;1968-10-13;999-32-4220;Janiece99;Leffler128;F;102
a7124207-50b7-d335-73f6-23bcbc35cfef;2025-05-20;999-95-9574;Juan Carlos348;Moreno82;M;85
c31ae779-0cb2-1800-bdc0-209d0a7c7ca2;1988-06-26;999-68-8861;Clara183;Alva958;F;2
20bcdc9e-8868-e0ea-811b-eddc3c6953fd;1976-11-05;999-31-8967;Mira443;Carroll471;F;55
0242fdeb-1cc5-c75b-c653-751a686f328e;2001-10-11;999-52-1030;Logan497;Reynolds644;M;2
22355854-a029-4cdb-7192-7b6bb8e6903c;1992-10-20;999-76-3600;Prince887;Reilly981;M;133
6e061aa7-845c-b717-5195-b630d04eaa85;2010-10-01;999-40-9673;Waltraud488;Rogahn59;F;96
46bf3316-8f2f-91c3-959c-f078dee93f9a;1967-09-20;999-93-2432;Melody728;McClure239;F;100
7a161f37-9cb8-4955-62c8-92d4ea4d9eb5;1989-12-04;999-54-7753;Lauren941;VonRueden376;M;134
bf9dd1d6-fd1f-17b4-2187-d4f756efff8c;1967-12-05;999-99-7411;Silvia880;Alonzo487;F;98
a8632739-7558-3804-2e71-167c8c22fb2e;2001-07-14;999-91-7778;Kiersten731;Denesik803;F;52
c86c272a-6634-3cf0-22ee-79df8710475c;2007-09-10;999-88-5901;Brady998;Ortiz186;M;135
31c7dd87-45a0-268e-ed17-fac4d14d79f4;1978-12-27;999-93-4272;Noriko180;White193;F;136
3e7dd88f-0207-d51d-a361-e15229d6ad32;2007-07-06;999-49-7122;Brendan864;Block661;M;106
3a020fb1-cfb8-4a5c-eb1a-cd752b6809b7;1971-01-26;999-18-6101;Maybelle917;Moore224;F;137
4866f917-99a6-71e3-f48d-01fe7d3c015d;1987-03-22;999-94-8635;Jamie386;Labadie908;M;117
c197e92f-fa38-75c0-1343-791725077467;1966-07-28;999-90-4176;Hosea56;Beer512;M;138
f1b520ed-0462-f956-a6b4-c1b203d4955e;1990-01-16;999-12-8989;Wanda961;Murazik203;F;139
3a07eeea-f911-395f-7b9e-c0ce0de839c3;1973-05-17;999-64-4468;Pearl430;Torphy630;F;2
b7b9b3e1-de77-ba59-80eb-2337e5c96de9;1982-02-07;999-47-3892;Neville893;Hudson301;M;19
d8ca5950-c7f4-27d1-5107-f32264d8f628;1981-02-24;999-17-8142;Julio CÃ©sar525;Almanza534;M;26
f4eb8b3e-5415-3e56-c5f8-9e8c7108584d;1986-09-06;999-13-3739;Jared66;Heaney114;M;85
e472ddcc-2413-86af-e438-0a0311a7add1;1965-05-21;999-39-7484;Palma671;Rogahn59;F;113
06fde5ea-6254-0f02-ea51-33ab73303f39;2002-10-27;999-13-2050;Enrique929;Hessel84;M;110
d0e2bdc1-418e-221d-91bf-252c05c5c3e5;2020-10-17;999-53-2671;James276;Monahan736;M;55
3a4acbd5-999a-d495-da31-24dcd5dea72c;1979-04-08;999-33-6928;Leda374;Dibbert990;F;122
f3282488-f669-afcf-8a1d-3a973abc22a9;2015-10-20;999-79-6767;Joshua658;Paucek755;M;22
d42ff483-1bbc-26dd-ea36-dc4991fd9166;1983-09-16;999-15-2927;Mikel238;Ebert178;M;26
5fd8e69e-929f-f9fd-9c5c-a1155a7d1d10;1993-06-28;999-12-1172;Taneka590;Stark857;F;46
3d88aa8a-f50f-7565-104b-10f990b1c1a8;2003-10-10;999-19-8222;Bud153;Greenfelder433;M;2
b3e42cfd-235d-ee92-1d35-4df759adafdc;1984-11-26;999-20-7878;Gilberte702;Reichel38;F;140
3ddcbfdf-28b2-0680-0026-49c25146d4a4;2002-10-27;999-65-3928;King743;Zulauf375;M;141
24957b7c-7654-b677-296e-30c7e3ddcbef;2022-10-05;999-80-3776;Deandre599;Wehner319;M;21
1e77ffde-e935-fcc2-1d50-2172fa1dbe67;2000-09-09;999-12-1760;Delphine397;Borer986;F;142
ec65327c-1d67-b98f-2b07-26d1302d9ee7;1984-12-21;999-16-1490;Jasper743;Auer97;M;26
2235796a-299c-e5cc-f044-42a99cb0ec7e;1942-02-08;999-61-1740;Carroll471;Zieme486;M;52
257ae336-c568-a958-b76f-ce3b3f843a29;1972-04-19;999-59-9862;Wayne846;Parker433;M;40
45d185e8-9d16-a284-0c38-7ece9b42efbf;1989-06-15;999-60-8714;Earlie274;Jaskolski867;F;143
d15fe1f4-e88c-c73b-012b-8c74b2e3282f;1966-12-05;999-49-9734;Rory188;Beier427;M;144
16aa10cb-efcc-65a5-8f4f-3a6a4601efee;2005-12-21;999-27-2952;Daryl568;Pollich983;M;50
d6c5542e-beab-263d-d76a-7502f1dad55f;2005-07-06;999-53-1272;Nickole723;Parisian75;F;54
b268d4ed-f482-7138-790f-acce35d1369a;1998-06-28;999-43-2804;Jerry654;Medhurst46;M;97
d64616d4-d347-c385-d045-14d73d094131;2018-11-17;999-78-8758;Teresa94;Otero621;F;145
1607c322-57b7-e13d-c7d5-0952893de3c0;1945-10-25;999-99-6604;Marvin195;Bartell116;M;87
3a255653-b78b-dacc-5f0d-47d4dff21320;1967-10-10;999-98-1847;Rickie717;O'Conner199;M;13
3e4f4bc5-c09c-a391-42ef-3779e6bf055c;1996-01-10;999-74-9514;Pauletta164;Mitchell808;F;30
38cfbd04-143e-c894-0978-ef07bfeee0c0;1984-05-05;999-11-9065;Ruthie901;Haag279;F;60
13f31e0b-4ea6-f955-26b2-c9f2b00075b0;1995-08-19;999-56-6484;Sheldon401;Jacobi462;M;114
3f40bd09-96c6-430a-b721-5a0ff612b6f8;1969-03-31;999-57-1110;Meri607;Kautzer186;F;146
beb2514c-401b-5cc3-7760-26a4ec1f250a;1971-06-16;999-52-3009;Eldridge510;Will178;M;85
80414261-8cd6-c647-a83e-db4f742aba55;1990-08-12;999-12-6330;Shiloh191;Fadel536;F;147
91393775-0ebc-7e2b-de01-b1c9ee418458;1954-04-05;999-24-5031;Gerardo48;Hidalgo930;M;55
cdadff3f-8607-66cf-8225-e31143997aea;1992-10-02;999-23-3646;Cary869;Gutkowski940;M;18
d2f796c1-8b82-0079-10f7-23185094b36d;2003-04-03;999-16-1414;Olen518;Kuvalis369;M;148
c7c90b82-cc23-b928-81c6-f4140e329014;1972-10-27;999-31-6618;Elaina826;Quitzon246;F;145
7ccc0087-3e7d-44a6-d17c-f81e467ede6f;1976-10-17;999-68-1548;Leland44;Adams676;M;96
5da92406-d041-c692-3b89-2c3b4ccd039d;2008-06-12;999-68-3412;Alton320;Kulas532;M;127
3b43c5ca-64ee-fe39-42ad-3ed4a5ab8a6d;1966-04-03;999-86-2781;Elmer371;Walsh511;M;130
504920f6-4086-ff94-00a9-983b15c737c4;2005-08-15;999-14-9627;Rolland302;Watsica258;M;149
3af8366c-afc8-28e0-c998-4e435b142098;1929-10-09;999-13-9089;Abram53;Wolf938;M;150
d12ce0e1-7421-9b1b-5848-e105f5a872f7;2008-11-20;999-52-9414;Lola232;Grant908;F;40
626aeb10-9a38-6140-d7c4-93676c49ce3d;1929-10-09;999-79-5485;Anderson154;Bayer639;M;150
f6da6abc-88f0-1818-df34-1078828dd5c6;2000-12-28;999-81-9983;Blake449;Conroy74;F;101
6fa16f6e-d063-2ddd-e4e6-d8bb17653767;1954-04-30;999-85-8640;Racheal820;Pacocha935;F;32
3ae37ab8-800b-86ca-9221-358dc4b05f3b;2008-09-27;999-12-8670;Joshua658;McKenzie376;M;151
5c834857-09ea-14e3-4da6-d1ea367c765a;2013-11-25;999-26-8509;Candis134;Kutch271;F;152
00314e18-71df-7441-3355-67bee0e99325;2007-01-06;999-82-8569;Sheldon401;Kessler503;M;153
30a0f7fb-21d0-83ff-ad0c-c97dae659ee8;1996-11-22;999-20-2702;Edgardo196;Ward668;M;154
597dd61d-4619-59e5-c87f-d26e0254224a;2009-12-30;999-12-4768;Bobby524;Hamill307;M;155
36a380a9-79b0-b9a6-4d5f-9f9cc1b3fcce;1984-08-19;999-72-5969;Lori426;Kovacek682;F;156
dc4cd0a8-826d-5ccc-68af-0d14b177b192;1941-08-04;999-67-6616;Marcus77;Lehner980;M;157
79107618-6bf5-040a-9c2a-66ade0984a52;1961-03-18;999-67-8587;Maynard46;Reynolds644;M;18
70c6bd8a-c79e-9b96-592f-9ece466ee610;1929-10-09;999-96-6727;Felix524;Fisher429;M;150
d05df400-b3bd-655d-7b42-86f95272e393;1978-09-10;999-45-9029;Torrie697;Hauck852;F;18
8236abcb-44cd-f0ba-30c8-c52172d5f3ce;1996-06-02;999-55-8152;Lola232;Flores439;F;2
dd0364f9-3807-b43b-07db-0a9334bbc2a3;1947-11-05;999-56-2090;Daron260;Wilderman619;M;22
6f4e22fd-5902-5e73-1d18-c12b899a5abc;1961-12-01;999-74-7961;Luci727;VonRueden376;F;158
4d727656-a1ab-fed9-3c70-020858d971f0;1963-07-18;999-77-4139;Alfredo17;Walker122;M;55
979575dd-ada9-7809-2f1d-c770fbb6b0c7;1928-04-13;999-11-1624;Leonida214;Robel940;F;159
d83258fc-1291-2eaf-c9d3-1d6b5a6c3b83;1976-04-23;999-99-3794;Kristin64;Weber641;F;117
8ea21bf5-375e-3d1e-a576-02b82002c094;1960-01-28;999-30-2852;Vanna750;Rath779;F;70
e0258e69-7cfb-6810-786e-d3d100cc3782;1923-02-16;999-54-9215;Bobbye345;Ward668;F;26
c275524f-cf45-d930-f110-cefe57e4a31b;2015-06-30;999-80-9339;Queen50;Will178;F;55
0c56b899-ee8e-f60e-b9f2-9a55c261b7a0;2007-08-26;999-39-9441;Parthenia862;Torphy630;F;26
7a6de72a-0fe9-2da2-3a52-bd4955c91edf;1952-05-06;999-83-2755;Tawnya388;Kshlerin58;F;160
d6f1523d-a983-28f2-3a63-b228783538f2;2007-08-26;999-53-6478;Pura348;Quigley282;F;26
fb56d1e0-5b0e-d927-4c85-493410f405cd;2023-03-18;999-70-3339;Lesley194;Rogahn59;M;133
14b931da-3a06-d5b4-418f-cdc76277744f;1971-01-14;999-41-4721;Tressie547;Waters156;F;69
76a96ec4-f4a0-3da9-1a07-e3501a7a0808;2014-04-29;999-83-6533;Sun500;Flatley871;F;46
30c1e79a-a160-9cdf-c0b4-636b8a02de66;1991-05-09;999-97-3617;Caridad510;Nieves278;F;32
eb4f6a02-75e8-9d31-c09b-82f7e7420619;1961-03-18;999-70-6594;Donald774;Grimes165;M;18
91957954-56ac-6790-339a-6fbf21d6cf31;2004-07-04;999-16-5986;MarÃ­a Luisa888;Colunga237;F;2
9ff1867d-1d2d-82b4-e88e-73207693ab4f;1983-08-20;999-63-5273;Frances376;Flatley871;M;26
c75abe73-02d7-8e7b-df45-50fb9bab8aa3;2011-03-29;999-50-4607;Jay242;Bartell116;F;149
334c5cae-6604-bb7b-e2e3-73e83e83e6ce;1929-10-09;999-68-6279;Alejandro916;Hagenes547;M;150
13e64ee8-9628-73fc-8080-211df46ea0c1;2014-02-23;999-46-5363;Terrell212;Emmerich580;F;146
6100559f-a093-547a-8933-1a9e1e117e0e;1958-07-14;999-91-3830;Noel608;Gleichner915;F;92
c45fedac-b72a-5c71-4616-6ffeb96d1643;1966-07-29;999-38-2777;Maximo817;Anderson154;M;26
6bf0c93c-bd39-a6c5-90f4-bb824513cefc;1954-04-30;999-64-9760;Salley758;Miller503;F;32
5e2f311e-4bae-6141-b765-7434834c5b12;1947-11-05;999-35-5490;Bo157;Turner526;M;22
966526e8-8732-4ef2-9ff7-4d92c6be514a;2020-09-18;999-71-3777;Wallace647;Bauch723;M;161
d0cb6f61-c48f-3088-c22e-a7e569cecfb1;2011-11-12;999-39-9672;Christel364;Rath779;F;162
d1890612-4e78-30fb-ec1b-4a24bdb2e589;1943-01-22;999-76-7934;Emmie273;Donnelly343;F;28
00d8419f-314d-357a-9527-c878f8c21866;2019-10-23;999-92-3303;Emory494;Heidenreich818;M;105
4d10bbda-f18c-7ac8-fe66-82c531f876be;1995-04-12;999-23-4660;Juli424;Nicolas769;F;163
7adb14fa-95c6-5114-32b6-a1ffaef63c9a;1958-07-14;999-37-9686;Juan88;Goodwin327;F;92
b56db05b-0396-8215-7b3e-4689d4cb9a31;1954-07-14;999-75-7801;Alberto639;Sandoval902;M;63
1f6b577e-f427-aeaf-0feb-5e26c2c24059;2004-07-04;999-44-7708;Esperanza675;Tafoya874;F;2
1a9304ae-e5b5-afcd-638f-a388daf18ccb;1984-01-29;999-91-2023;Felton646;Mante251;M;164
28421372-492e-fe9a-d433-ea3ab770c85a;2016-05-03;999-91-3120;Deeanna316;Goldner995;F;134
e296762f-b27c-41da-5672-2f3961fc91df;1968-04-11;999-97-8529;Anthony633;Eichmann909;M;165
28098f07-c15b-320d-1f31-903ddf286da0;1963-05-31;999-31-3806;Queenie922;Daugherty69;F;63
7ab0ae20-0e62-c1e0-3bf6-6f147a2b7412;1970-11-01;999-44-4944;Corazon138;Vandervort697;F;166
ad2cb4cb-560c-4848-02ef-5bd412587a7a;1985-01-04;999-44-9555;Charlette938;Turner526;F;2
6d2ff4ee-9c06-56b3-3edf-c33a4b854913;1961-10-30;999-27-7031;Mona85;Steuber698;F;28
25052990-134e-ab3f-861e-f4931df29eb6;1976-10-16;999-27-9340;Mickey576;Gusikowski974;F;44
d1f3511c-34bf-dfcc-3e96-73ddb714d5db;2004-03-13;999-19-9613;Olivia294;Portillo767;F;38
74b3032d-5ff2-f17e-ab68-747016ade78c;1943-12-20;999-89-7692;Lonnie913;Hettinger594;M;167
f54beebb-0e62-9af4-aa8e-a5973971f3dc;1977-01-05;999-11-7682;Rod343;Wisozk929;M;168
28602aa9-7fe1-a0cc-b915-5db3282bd208;1971-09-27;999-32-5670;Bailey598;Johnson679;F;119
4dc73a1a-9427-839d-b35b-8fd1ca9cea24;1968-10-28;999-69-9794;Gillian484;Prohaska837;F;81
8ef2f96d-1917-a0d4-7a70-180a9485eae9;1998-05-31;999-38-1847;Dewey930;Hane680;M;2
1787d912-9591-e3b1-0886-121d3a4bf9b3;1962-10-23;999-97-6561;Abe604;Hilll811;M;35
72699b96-6434-ce59-e015-9f2f5faa194c;1957-09-21;999-50-6193;Gilberto712;Segura601;M;98
07efdaec-a102-c286-a839-d579f9d1ffde;1977-01-05;999-23-4487;Foster87;MacGyver246;M;168
17b25377-d1e1-81ff-7784-2170126de78a;1961-10-30;999-95-6659;Olinda137;Gottlieb798;F;28
3dadf0ea-4c1d-3349-8e79-17f70b85a739;1986-05-24;999-39-1585;Demetrius568;Balistreri607;M;142
338f36bc-e980-2f16-7f61-ed4d811e8451;1929-10-09;999-37-3667;Daniel959;Lebsack687;M;150
f2cb4ce2-a0b0-361b-bbc2-a1ce23998cd6;1983-01-20;999-64-5950;Irving123;Parisian75;M;85
82a94277-95c5-fab1-55ed-980aeb1fc454;1989-04-29;999-32-9731;Signe792;Leffler128;F;74
4c9637db-be60-f248-5c3b-d8a0db6a5528;1971-09-27;999-98-6207;Kandice471;Gulgowski816;F;119
b5163e25-7ed3-d1a6-1b53-f5fdeffe2fb9;2023-12-13;999-41-7165;Senaida415;Ledner144;F;169
989f533c-e1a7-bbc5-e3b5-cc28158b2028;1993-06-12;999-17-2094;NicolÃ¡s801;Ozuna605;M;169
5eaf8b6c-acd0-3c0c-eb16-10c50a00d62f;1928-04-13;999-19-6068;Lavone763;Lowe577;F;159
06d6d1d0-4e49-b8bf-fd1e-28209f194484;1958-07-14;999-41-6380;Stephine916;Ryan260;F;92
9e4c5e08-85b2-9ded-ea25-42d61949cf50;1997-10-15;999-41-5881;Jerry654;O'Kon634;F;130
50c2c8d5-60d6-2406-9360-7abb42e9a080;2001-11-29;999-88-6374;Bruno518;Bogan287;M;170
66d2fa9b-a9d2-9115-b95c-a355d2f38029;2010-03-09;999-96-4180;Thomasina264;Nicolas769;F;67
c35eb6e2-d824-62f2-6734-b7613d4e8ccd;1943-12-20;999-26-5898;Doyle959;Jast432;M;167
0b1b8373-5d70-dbe1-b67b-b00d6e61c36c;1962-10-23;999-47-8836;Octavio643;Paucek755;M;35
2a0dc452-1a74-acd0-3195-e8290b2d991a;1998-12-24;999-23-8870;Farah862;Corkery305;F;97
f465d3c7-83a7-77b8-45b7-05ebe40b4a6e;1923-02-16;999-73-8156;Yu876;Kutch271;F;26
3a72cf98-533f-4a6d-470b-0341b9214b26;1951-08-30;999-59-5139;Wilford267;D'Amore443;M;53
7279ef15-8625-b380-af15-6598d756c214;1994-11-28;999-25-2551;Lacy523;Jones311;M;63
18d95f80-4dd5-088b-5e07-854390165c64;1973-05-10;999-75-9172;Viola977;Breitenberg711;F;78
60898af9-6a36-2510-4fe9-219e81ea01ef;1957-09-21;999-70-6389;RubÃ©n780;Duarte203;M;98
e244f325-f07f-af82-037e-c3d050d8946e;1998-12-24;999-93-2238;Klara351;Veum823;F;97
cc596ef2-144d-adcf-fad6-276eeb6c5ba5;2004-06-07;999-71-1741;Myriam433;Nader710;F;171
75ab4325-c3ba-2876-e33e-f6956952acde;1966-08-02;999-32-3232;Eduardo902;Melgar516;M;85
393f9be5-de47-9274-cbf0-6aa2825dd680;1987-08-11;999-60-5790;Juanita470;Parker433;F;5
f3baf2e4-11b9-6ca6-7ad4-849a42447e6f;1929-10-09;999-28-1631;Grady603;Smith67;M;150
74b43ad4-103e-daa1-2f19-a265c29cde26;2017-10-30;999-54-3162;Jose871;Keeling57;M;94
c9945a58-128d-8089-0e33-76bd51932e00;1982-06-08;999-95-7743;Madeline975;Waelchi213;F;113
a9a38106-e433-ce97-6543-c46c3a62c694;2023-07-29;999-45-5544;Kelvin159;Jerde200;M;57
3e281301-40f7-aa90-f566-d26667242b02;1962-10-23;999-12-9380;Tracey100;Feil794;M;35
0cac5d9c-9737-69c9-bb93-25d1068c5d7e;2014-06-30;999-32-7378;Raquel318;GarcÃ­a15;F;55
b3ff7b54-25b9-a858-d31c-0bd984c6a859;1994-12-02;999-98-3729;Tangela812;Wisoky380;F;116
cd7fcaaf-c8dd-8768-740a-62f915783942;1967-10-01;999-93-7450;Beverly445;Reichert620;F;172
c282aeda-b1fe-4024-8dd9-4636adc34b87;1964-01-05;999-26-1313;Stuart913;Schneider199;M;173
ed452c96-8383-a857-db12-411837bca86f;1988-06-20;999-57-2371;Ona426;Windler79;F;20
c6e5a480-0a04-75c3-2101-4f737ea0a074;1970-10-15;999-32-7751;Laronda769;Kovacek682;F;99
68df4888-0bb4-dd4a-103a-5e05c84e885d;1977-06-17;999-97-6599;Rickie717;Hessel84;M;29
c32d6c65-a265-8441-aeb1-741d62ce1992;1980-06-19;999-28-5859;Zulma701;Goldner995;F;65
b6be9dca-e804-665b-d26b-841dabe5d05f;1943-12-20;999-72-7061;Darrick836;Cassin499;M;167
82bc25f7-98ff-c562-75bd-6232491d7350;2006-01-02;999-80-8334;Isabella615;Boyle917;F;52
437193ac-1519-8a1d-9651-1fcd5faf3477;1938-06-04;999-69-2083;Burt293;Bode78;M;36
42986625-cf86-736b-054b-52e7f4ab61ae;2015-08-27;999-15-7290;Delmar187;Mitchell808;M;174
7a9d273a-3f31-aa71-abe4-b46a2dac5935;1945-04-08;999-83-5176;Claretha922;Lindgren255;F;32
f6327b44-c3ce-0cfd-e959-ca7556a54ba6;1949-11-09;999-34-5589;Ramona980;Alvarez441;F;52
e1f904b6-e87e-a48a-a18a-5a4899d8fcc5;2025-04-04;999-70-9548;Charlott617;Reichel38;F;149
f6b73e18-78e6-2d94-65a2-5a421b1c2e26;1990-12-01;999-59-1363;Nathaniel596;Rowe323;M;105
aa215c25-14c4-ec8c-8dc4-855eb0965d9b;1930-08-16;999-86-5088;Norine97;Stracke611;F;2
eac61a64-58a5-8c9c-dc30-484141e6018c;1964-02-16;999-65-1148;Jeanelle736;Howell947;F;169
e9121251-5818-9e75-43d7-723f8b038581;1975-06-09;999-63-4997;Concetta811;Leffler128;F;76
8f6189ab-dc93-53f2-7ed8-331a40b44aad;1971-04-23;999-24-2165;Bennie663;Fay398;M;91
d8ef2686-7366-5e19-d6f8-be0b3a6630ae;2003-03-05;999-50-6781;Cinderella355;Pfannerstill264;F;58
c4be017d-a5e8-68c8-b001-5d60f29215c0;1959-10-07;999-97-8638;Rene434;Metz686;M;175
c02ffb66-1fd0-23c2-7ed8-bdcd1e166d6a;1952-06-29;999-50-2170;Terrie907;Hodkiewicz467;F;116
14c41870-3843-9051-f520-01c60f9e3ea9;1999-03-18;999-67-8018;Sheron583;Monahan736;F;162
5c3aaa6f-6c1c-3704-15ad-8356d4183b18;1995-12-19;999-42-8256;Trudi580;Champlin946;F;78
c661e374-f24c-93ab-d5cb-d1a04940879a;2002-01-25;999-84-6319;Lyle846;Koepp521;M;176
3e4abebf-ce6d-b156-3b3e-08c35629c66c;1982-01-14;999-22-3755;Nakita746;Prohaska837;F;125
084ed73b-6c46-1755-295a-0684e943a4d8;1991-06-29;999-41-1691;Mauro926;Rath779;M;113
2a5cf10a-4d08-2e07-9b60-5519816fc2b3;2022-07-12;999-71-2891;Rudy520;Bins636;M;177
baa1d4d2-88a9-e04c-f14a-cb5275abb14b;1968-05-26;999-78-9621;Kip442;Lynch190;M;178
c81d5de2-5e7c-4401-acd3-54372f8fd129;1929-10-09;999-52-8471;Kory651;Hansen121;M;150
7ce00977-d1a8-35d2-182d-6cda64d07be2;1945-04-08;999-42-8571;Delinda651;Welch179;F;32
f5758390-ce81-8ebc-7b98-958ef0e939b5;2000-10-03;999-25-3160;Kimi714;Considine820;F;179
5658d6f8-ffbe-6586-df6f-554753723944;1981-03-26;999-27-7981;Catalina187;Ramos754;F;18
8db9b8ce-ef71-f7ae-67a8-42fe60163209;1979-03-11;999-78-4304;Jack927;Tillman293;M;69
46cad54a-30fa-3121-5de1-9fac4cf663cf;1968-03-17;999-35-9169;Jimmy858;Herman763;M;99
458a621e-8077-ec1c-2dcb-60b7daf99ec3;2020-03-12;999-82-9938;Ellamae709;Orn563;F;165
9513c093-923a-0453-cd27-d9d68c49e466;2001-03-01;999-85-7978;Lyn897;Erdman779;F;113
cf32d976-7696-a6ef-d0f2-bede06e8aa22;1953-02-16;999-57-8488;Renato359;Bogan287;M;180
115eca91-85d7-f7ac-b9b9-7901b0bf18d6;1943-12-20;999-20-5017;Donnie175;Armstrong51;M;167
e4d1ea5e-4fd4-b809-d98a-798a783ea83e;1920-10-25;999-34-9331;Pearlie554;Yost751;F;30
69338ee5-f69c-c574-2d06-864a83038955;2008-05-31;999-56-5617;Rosario163;Braun514;F;166
a90b8647-509e-d3cf-a36a-f0c940b8c4c2;1970-10-01;999-42-4293;Fletcher87;Steuber698;M;12
e1bfb538-76c9-7354-eebd-2ace1ed45eca;1963-08-26;999-20-9591;Chris95;Upton904;M;181
fc2f5c21-28fa-3ed5-b766-c2665c5cdc97;1959-10-25;999-50-1777;Gudrun69;Schmidt332;F;168
12d17204-7916-0dd6-438d-98fc8b050959;1986-09-09;999-19-6114;Lucius907;Gerhold939;M;182
ce246515-6be5-73ea-0f37-64cec02c37be;1992-05-14;999-16-6031;Iona921;Larson43;F;156
1bd7f10f-22e2-aac4-ebd9-ed74609723e0;1971-04-23;999-92-1062;Ben667;Kirlin939;M;91
da9e2052-199b-9127-9ff6-b910070010dc;1980-07-05;999-27-1231;Fermina506;Johnson679;F;98
bf1e5049-b9ba-5c36-e14f-07484d9674ce;1988-04-23;999-71-6467;Woodrow571;Dietrich576;M;2
6cd8d956-66c7-7514-5e2f-9d70f3ffec84;2013-04-03;999-25-7702;Shaquana156;Bailey598;F;33
0633294b-a2a3-bbd1-6796-40ea8a43725c;1976-07-25;999-13-5353;Janett802;Moore224;F;109
a7d3009b-3b82-18b3-8ab1-1d7b82f3f3c5;1963-08-26;999-63-6319;Otis335;Ernser583;M;181
4a884eab-74f3-0f44-0ab4-545816700067;1951-05-19;999-84-6275;Andrea7;Collier206;M;35
330e54d5-aef9-f012-e44f-df9fa9b2d3fb;2010-04-12;999-99-9846;Brett333;Fisher429;M;166
be4fee21-afe8-1b8d-4a60-90f56abdc31d;1987-04-13;999-95-4662;Jeffry142;O'Connell601;M;53
94acb206-a917-8f1a-26e7-0d85da8ae0ba;2018-12-06;999-33-7461;Ettie537;Becker968;F;63
f8174deb-f149-e506-ace5-09495328e2a7;1976-06-19;999-16-8835;Merri201;Crooks415;F;183
d07a90be-263c-6f9e-c65d-e88a19d2ef0a;1929-10-09;999-22-2833;Earle679;Kessler503;M;150
78a51f18-4410-e451-599a-b3791794930f;1962-08-20;999-95-6112;Todd315;Lakin515;M;40
ba4d7faf-9cb5-1ce3-3a95-6cac595537bf;1974-09-26;999-20-4570;Edwina60;Klein929;F;184
c70fc543-4068-0b2f-ded8-1c05bf523889;1943-12-20;999-29-8549;Lucius907;Labadie908;M;167
192d73a6-76c6-7e0b-8022-f044de94fc2c;1983-11-30;999-78-5666;Ben667;Erdman779;M;97
dcef0cc6-f4c9-6b85-0781-f5eb690ae91f;1941-07-27;999-75-2546;Florence828;Quigley282;F;2
d509827e-e6fb-5c25-bb02-6aa5edc90d87;1968-01-30;999-45-2384;Kitty323;Hessel84;F;185
5967cd73-78c4-d355-2aa5-a1b49a15e712;1970-10-01;999-32-3154;Jasper743;Bergstrom287;M;12
94a3f0a6-f89e-f87e-2bb6-5ec001655a52;1998-03-14;999-71-6648;Vince741;Ferry570;M;59
1f585bf4-53fa-4102-61e6-73bf60e6db8b;2016-10-13;999-57-4812;Thomas756;Larson43;M;186
af421d29-4b3e-5c53-1c6c-1e860eb1bc1a;2009-03-03;999-89-4598;Lee268;Kuhic920;M;2
95478359-8cac-91a3-50af-bf133426eea1;1993-09-21;999-81-7380;Britni406;Murazik203;F;2
d7d3634e-ef7f-286c-f8dc-5411bd7d66c6;2003-03-05;999-68-3792;Thaddeus38;Bahringer146;M;16
bf721136-9fb2-96a1-c3be-7b2b6261153c;2025-03-22;999-11-5666;Parker433;Nicolas769;M;16
8b5d8828-7226-5511-e336-a030a11cb1a3;2000-12-28;999-57-3489;Danuta945;Nicolas769;F;178
779847d5-aeb1-7f0b-3c68-93fb6d30f6c0;1963-08-26;999-67-3613;Dalton260;Adams676;M;181
a3d06a6c-7a7d-2e4c-c5a7-98db19857b9c;2004-10-26;999-71-9034;Maryrose226;Altenwerth646;F;183
5369f53e-3ddf-5971-6581-ab0fa4100031;2015-03-25;999-48-7131;Wilfred787;Wiza601;M;122
c0f439f7-40d7-b969-7ffa-f104f105b953;1987-07-17;999-22-8287;Gilberto712;Jaimes535;M;55
1ed65ddc-b5c1-24d2-d2a9-e20b3a829da8;1977-03-08;999-10-5997;Jere230;Schmidt332;M;106
a9972284-3b5d-44bd-8ad0-f2599b85f2ab;1965-02-20;999-56-5059;Ruby458;Hamill307;F;187
a75986bf-621f-d607-9128-db52ba7512f5;1996-02-14;999-90-9840;Zula72;Breitenberg711;F;64
7d623cfb-9627-bbf4-5369-5fd47fd2a654;2008-05-05;999-42-6875;Robin66;Greenholt190;M;32
3d1e57a6-9191-17bd-70de-e049e6da7af7;1970-10-01;999-78-2661;Ricky354;Cummerata161;M;12
bc37017b-eeff-a061-9aa5-a0253be0591c;1984-12-19;999-44-8502;Elias404;Parisian75;M;164
67567157-0b12-bc69-a6af-aae4854db995;2004-04-22;999-44-9632;Ira784;Medhurst46;M;172
8954c570-2095-a3c9-b421-e8f324dae38e;1971-02-15;999-70-2374;Tony646;Durgan499;F;188
4d12b92c-7f23-b3c1-fb4e-72abda2855cd;1984-08-28;999-66-9084;Pilar644;RÃ­os175;F;26
4241465c-df7c-0771-ae47-38478f1deba4;1950-01-05;999-83-8003;Leesa210;Willms744;F;107
90649de3-42b3-d24c-4de8-6198725771ae;1955-11-10;999-96-5600;Dante562;Beahan375;M;51
3bd4068d-1e4c-2ac0-1e65-1ffc1fddacce;1967-01-20;999-21-9016;Ophelia894;Nikolaus26;F;29
5b8d75c2-5ca4-4bb9-427b-49e480f6ed68;1963-08-26;999-70-7457;Jasper743;Kemmer137;M;181
71a7c9b2-46a6-16a0-9823-2a6a13ae18b9;2025-01-07;999-51-5838;Burt293;Mante251;M;2
9c73d174-dea2-2c1c-cbbd-17e66f119e2b;1984-02-23;999-35-3289;Clifton91;Rosenbaum794;M;11
7bba264e-17b5-8ffd-2cdb-66c6bb505145;1971-06-11;999-81-1554;Olivia294;MelÃ©ndez48;F;53
22e9b7d4-bc80-4c4f-f8ee-450d6f90525b;1970-11-24;999-33-6766;Belinda283;Smitham825;F;42
ece03a2c-3e34-44af-728a-d431b0b9a207;1945-12-28;999-24-4882;Vella930;Schimmel440;F;94
dcddf9cc-5aba-3056-f602-e6e0a0b83179;1981-11-29;999-69-7558;Milford485;Casper496;M;26
449083f2-ea2f-9f23-edd1-dbbac8d30eec;1970-11-08;999-22-8122;Lawana430;Quitzon246;F;18
c5d85e6f-af9f-a445-01b2-0a21a36c1f72;1949-06-18;999-22-8746;Russ979;Tillman293;M;9
c5560cb4-6c6a-4471-d061-c526a9d9af7e;1974-07-05;999-15-7783;Lawrence741;Beier427;M;139
dcf4a974-45a8-eb15-29b1-bb3558aabf1a;1941-05-13;999-97-6513;Marvin195;Lang846;M;119
b87c9017-494c-682e-811c-d07109a2c9dc;1964-02-28;999-44-7044;Veronique514;Rowe323;F;117
2719a2c0-d4d5-f710-e39e-7a42aa50085c;2011-02-23;999-96-5612;Antwan357;Purdy2;M;106
d5469dc3-0798-927e-324c-6d0b39ff53a4;1964-05-15;999-40-3051;David908;Saldivar860;M;139
3189fbcf-f8b5-4c9e-fca1-ce972dc04919;2009-03-27;999-43-2747;Valentine262;Turcotte120;M;172
723bcca1-0f86-0064-7c67-40d32ab2c438;1984-09-08;999-51-1334;Brendan864;Hoppe518;M;149
2ed1d482-2d0b-da83-d270-f6e947f27eb6;2025-09-06;999-24-5107;Mohamed943;Smitham825;M;33
47b478b4-406e-84f6-eec8-cae7ab244add;1977-10-11;999-63-8178;April374;Schumm995;F;180
f1bd7c11-64bf-08c8-df86-c6fc1447b1f1;2009-09-14;999-95-5893;Marquetta382;Beatty507;F;29
42fd7c5e-984d-81d0-fd0a-f99d39d73c69;1961-07-04;999-95-8732;Kena893;Green467;F;189
97860aee-fc6c-fa2f-447e-fcc63445d9cd;1962-09-10;999-89-2939;Mikel238;Morar593;M;90
7533cbd0-07fb-d8be-ddf4-30e90f88e089;2009-06-10;999-93-7770;Sharron285;Champlin946;F;166
66fe92c1-4c5e-21a2-9c3b-f69fcf95ddbb;1964-02-10;999-77-1550;Raymond398;Kuhlman484;M;172
78cfdbcd-8d4d-49d0-7d7a-4264e016b3f7;1974-07-05;999-62-7384;Melvin857;Labadie908;M;139
0392abe8-1c0b-10d1-c2cf-afec02f569e1;1994-01-21;999-55-6994;Eneida722;Gerlach374;F;162
e678a405-6e69-817f-ff8e-b1e52510331a;1981-11-29;999-54-6351;Rodger755;Ruecker817;M;26
46dd0dfa-a6a0-2dfa-b35b-817000cd8708;2025-03-27;999-17-2155;Raelene218;Hessel84;F;2
deaabbe0-3942-5def-7a79-ba6d74844f1e;1955-07-16;999-62-5887;Hermelinda327;Hodkiewicz467;F;131
fde7d129-4474-6c47-063a-18a397247a87;1998-04-01;999-75-2518;Mauricio81;Schumm995;M;113
ff8726b4-9e78-c678-9e54-9909626cdce6;1985-03-02;999-43-9454;Oma395;Treutel973;F;190
bb1759ca-0dad-4b3d-1c6f-474be243bfc5;1956-08-27;999-96-7383;Wallace647;Rath779;M;191
57214bd2-6de5-6c56-2db3-ff6dd9d7b3ee;1942-04-22;999-44-3201;Danille883;Streich926;F;121
784b0b50-6ade-2960-ea6b-424c9bf472af;1974-03-18;999-66-5707;Bradford382;Prosacco716;M;192
00f4578d-15b3-5935-b883-18fa5ba95ded;1983-03-14;999-61-1517;Mercedez75;Howe413;F;151
72867f62-42ee-dad9-c254-2a0295dadf02;2020-11-02;999-70-8118;Wendell199;Farrell962;M;122
f5627193-7efb-3823-988f-5cdf48194423;2010-12-27;999-66-3760;Lea264;Feeney44;F;193
e915951f-7dfd-7c1f-d065-372dc881c6ad;1981-02-07;999-88-3910;Ty725;Herman763;M;194
0846841e-b1b3-23fc-e289-79c546149b75;1980-09-08;999-88-6948;Lita714;Zboncak558;F;74
3edba133-5627-508a-4bb4-77147fbbc804;2002-04-26;999-13-6798;Stephine916;Wintheiser220;F;2
d75fb0b4-151d-c242-66f3-38c71cd9b2b8;2006-05-17;999-45-4857;Suzanne628;Spinka232;F;18
e0fe5c2f-c380-2101-2de1-45edfe02cd5c;1977-10-09;999-75-9313;Javier97;Quintana711;M;166
5fe5a701-c557-d360-e57a-7179c09b66aa;1994-03-22;999-44-9424;John539;Ondricka197;M;39
723ec7b3-fd47-a0a0-104b-c3eb7a87dc09;1975-04-09;999-15-4408;Antwan357;Douglas31;M;50
013a90b2-06ff-9191-2a2e-035627a11639;2005-10-10;999-94-5168;Barney639;Batz141;M;1
1be4c0e4-c398-1d8c-0ad1-e85126a18b25;2012-01-06;999-21-1686;Donald774;Bogan287;M;26
54b38ebb-8855-aa0e-92c7-edb486470f12;1977-04-25;999-72-3272;Hugh686;Lubowitz58;M;2
c5e06435-2bb7-fc6c-5765-1a0654c26dab;1955-07-16;999-30-4612;Jerrie417;Nicolas769;F;131
78864e47-5c8f-3f09-8afd-961c73d10d80;1964-02-28;999-82-1721;Loretta235;Dibbert990;F;117
7569783d-ea32-02e3-a1f7-efc9f9cfd14f;1965-03-20;999-84-9809;Eduardo902;Prieto999;M;195
f3062f94-cde7-ec15-7a19-3ff57ce1b1c1;1978-06-27;999-45-7140;Maragaret140;Funk324;F;2
fd4a3ab1-7811-8246-9eeb-ce750b9cb32d;1986-04-11;999-95-3234;Chassidy418;Kohler843;F;2
ccf8f58a-02c2-f95c-b308-fe99c403b2c6;1966-05-25;999-46-2268;Bessie423;Lehner980;F;127
46ef4d86-1928-ac59-f32e-fbe2ac33de1f;1962-09-10;999-53-9279;Alex454;Hodkiewicz467;M;90
dcfe65af-acc9-2538-f164-c8a756f7646a;2023-05-31;999-48-7340;Austin578;Satterfield305;M;97
652390bd-651d-afd6-bfad-567db6bc97e1;2008-11-05;999-14-7981;RubÃ©n780;Herrera193;M;69
84e8b421-b0a5-c637-69ef-38ee894ed3db;2020-02-19;999-46-5219;Emil691;Grady603;M;186
f6a36306-ebb1-ce0a-1216-55281ec3d013;1999-02-21;999-42-3448;Francisco472;Yundt842;M;18
1435144a-1b7f-0483-f1d6-6d9fa1a237a2;1956-06-26;999-43-2669;Salvador46;Alonso270;M;99
35b584ad-d544-da2e-6a01-579260424cb4;2024-10-03;999-86-3827;Carrol931;Fay398;F;172
2a0e4168-4395-f682-16b2-560501910819;2007-12-09;999-90-6129;Clifton91;Nicolas769;M;117
c7ea098c-92ba-8a34-dd90-f46887f489ed;1952-09-13;999-30-9244;Vincent299;Goodwin327;M;4
55023aff-b955-7429-f35c-098fa10b0a1f;1962-01-15;999-68-7181;Bridgette172;Champlin946;F;89
210ad7a5-412a-45e4-a78c-6dda0c1541bf;2012-07-03;999-60-7198;Sara501;Maestas764;F;55
c93f1bde-78c9-77c9-cffc-77eff4dc9948;1953-04-13;999-72-6561;Cherryl901;Watsica258;F;114
23fded8d-fc0a-4db7-81d8-cf23031eeb5a;2014-12-20;999-58-7837;Hobert364;Gleason633;M;196
632176aa-89d5-4660-b2c2-e1367fc7e8cd;1962-02-14;999-66-2547;Thanh759;Kutch271;M;3
e90fa2af-bded-c6a9-d027-bc896ab77299;2016-01-06;999-91-9967;Barrie587;Skiles927;F;165
3ec763d8-9e3a-f65b-b072-0d5ee01e3bd7;1965-05-28;999-96-9418;Trent525;Baumbach677;M;171
ec432481-dec9-dcb8-69e6-e8e6e6014768;1945-06-21;999-70-1350;Sharonda198;Carter549;F;94
0a23983a-258c-9589-02b2-ad7aeeb03f62;1997-05-01;999-20-4586;Luis Miguel102;RodrÃ­quez611;M;2
9edc9f13-19e0-94ff-71c1-63a120a6c04b;1958-11-22;999-20-8135;Damon455;Leannon79;M;16
14cc5ab6-9771-74bf-051d-eac2697eb646;1955-07-16;999-18-8572;Elane105;O'Reilly797;F;131
c7311aea-be99-2c5c-4edf-40a857dba76e;1943-01-20;999-37-5724;Ramona980;CantÃº190;F;139
22e1841f-ac46-1397-ed97-43a56496e327;1975-03-20;999-38-2638;Meta661;Wuckert783;F;85
e597c77e-f49d-7e19-4dd0-c7f372c1aedf;1992-12-17;999-16-5025;Humberto482;Schowalter414;M;141
bfc81702-aa14-9502-aae3-b5806a845383;1997-08-23;999-57-4240;Lupe126;Kutch271;F;197
77431921-03a7-a66b-035a-b0c310ca5a9e;2021-06-01;999-26-3248;Donella937;Larkin917;F;190
5897d406-6485-6948-dd51-644d26ef647d;1953-01-14;999-49-9511;Lyndsey828;Nikolaus26;F;18
e05f486c-3aa9-ebb1-101b-42b7b2bf7e7d;1993-04-17;999-55-6551;Tarra676;O'Keefe54;F;91
a992f9f4-9bce-e9fa-a8b6-56d78609e31a;1978-07-24;999-91-8820;Dallas143;Bradtke547;M;39
3fd97b30-8908-13f3-c69c-f5802b87aed6;1970-06-23;999-91-8108;Eugenia832;O'Keefe54;F;22
e14b909d-d36b-cc8a-f025-e50a479fde25;1966-03-06;999-41-6056;Maximo817;Koss676;M;52
ec4a83f8-85e2-96b2-ae3c-555195072c23;1988-08-08;999-36-6792;Janett802;Davis923;F;66
2eef5b8d-4e3c-94bc-81f4-002df6af74ca;1944-03-18;999-74-6569;Cassie490;Abshire638;F;49
0d91acfd-5f90-860d-1136-aac87c5f75ff;1965-07-18;999-93-4738;Sean831;Altenwerth646;M;198
c3e974aa-7074-9133-0f64-17745f0a829e;1975-03-20;999-75-6560;Jenae263;Wolff180;F;85
7b789a5f-780c-2814-409c-734058d3c524;1965-01-13;999-78-1553;Denisha680;Tremblay80;F;2
50ca252f-7fdb-67fa-a142-7022b476dfd5;1959-09-23;999-44-3232;Freeda113;Miller503;F;184
3e70342c-3125-259c-6de3-8cb46a85f36d;1992-10-27;999-10-5851;Jovita355;Kuphal363;F;24
d392793b-02a0-f8eb-fe9c-7423a3d18a91;1974-03-17;999-30-6154;Laci507;Harvey63;F;114
bacf3252-84b8-e392-54a0-f7c32301309f;1955-05-21;999-99-5912;Pilar644;Canales95;F;156
da0927ac-e472-9259-9927-0acf4b994c01;1948-03-30;999-51-5432;Ellsworth48;Grant908;M;46
a7747357-6e8c-2aa6-cf03-6263779f2736;1983-04-29;999-45-7115;Tawana222;Schaden604;F;2
bac1b902-59f4-9406-5e13-22776f98b1ef;2021-10-18;999-69-4364;Elisha578;Dickinson688;M;199
d3f0946d-0e37-e3bd-0873-31a9da803e07;1956-03-24;999-31-9099;Edmundo94;Leuschke194;M;2
7bb87628-44a5-08b6-c3aa-48a35dc64c03;1985-12-01;999-13-8400;Regina408;Wiegand701;F;200
a5588f5f-e9da-98e0-1d42-40437476e8fb;1962-11-28;999-97-4920;Roxana439;Rempel203;F;32
51cb6c86-d55a-7ea1-2731-995f9d17309b;1953-01-14;999-48-6948;Niesha86;Gutkowski940;F;18
dea96a86-d9b0-d682-d7d3-292e9d61d692;1986-05-20;999-57-5995;Branden904;Borer986;M;39
5585bbe6-aab7-b2cb-9124-7c0cd389d874;1993-10-03;999-95-6921;Nubia715;Nikolaus26;F;201
783a36e8-61de-53be-78fb-5e10d61c447b;1982-07-13;999-59-9633;Lashawna733;Leuschke194;F;85
7b84b7b1-8b3a-99eb-0c9b-8e1c028b74de;1965-01-13;999-23-7871;Latrice352;Becker968;F;2
809092ac-8f54-faac-7220-ef08feca47b5;1971-10-04;999-43-1970;Shaunta614;Dibbert990;F;48
3de3d8f8-d3c7-cd47-bbb8-43d9b26cc368;1958-12-21;999-87-3366;Lloyd546;Hickle134;M;202
703faf21-ac56-8506-ecc8-d7a1deba17be;1985-11-11;999-81-4256;Phuong301;Gerlach374;F;9
3857f511-5a19-1d0f-62f2-177c104946a7;1956-06-20;999-99-4900;Bethel526;Murazik203;F;58
132ba3e0-7881-1cbd-c2c8-dcf368aa1e38;2013-03-17;999-93-2661;Rolland302;Donnelly343;M;18
2cf8f5de-ff68-cf3b-eed2-3d9bc3583094;1954-06-11;999-70-3792;Grady603;Stanton715;M;55
0a9865d6-8ae0-f19b-2ad6-0a4dae57817b;2024-10-31;999-63-2119;Janey243;Witting912;F;9
c574cca6-4351-5c8a-74ae-7a8866724d97;2020-06-15;999-58-3512;Teodoro374;Hilll811;M;16
ad14cbe1-7339-dcaf-32d1-81a0148959e0;1948-03-30;999-64-3104;Hugh686;Hessel84;M;46
e6a55b7c-fff0-dd81-1632-6f49bcfe8c9a;2014-04-25;999-94-4912;Mckinley734;Bradtke547;M;2
3596125b-329a-10bd-bf11-30d6efdef2b1;1960-04-07;999-79-6586;Rayford811;Botsford977;M;181
72323036-848f-ea96-35e3-0546a48a104c;1961-12-27;999-60-1425;Anthony633;Durgan499;M;203
78adc52f-b62a-7a40-4d88-d705f516f8a3;1994-11-07;999-20-4975;Stefany238;Runolfsdottir785;F;2
2e65e85c-28d1-812c-410d-b2e8f6ba5dc0;1948-02-17;999-36-7507;Ammie189;Bartell116;F;171
fde23f85-6386-a240-93e2-454d34eee476;1996-06-16;999-73-8102;Clayton230;Koss676;M;18
1681a560-3fca-a2bb-3d6f-83b3bc1498f3;1950-10-21;999-13-6860;Jonah176;Corkery305;M;204
028e3da8-2c14-f773-0625-7e1cbecee7d6;1996-09-21;999-24-3724;Lucile200;Stoltenberg489;F;2
066de709-c151-803c-7135-3d2e8a1799fd;1967-10-14;999-27-5523;Sheila338;Walsh511;F;22
32daf766-272b-fcab-bebf-6b1341f54a0f;1969-10-06;999-94-2770;Clementina782;Welch179;F;63
317a2dbf-050a-4ef3-2ec8-c28225de7c99;1994-11-07;999-21-1924;Regina408;Jaskolski867;F;2
02805efe-112e-881b-ae11-d0c06c6a41a9;1995-10-03;999-81-2010;Guillermina633;VÃ¡squez905;F;2
378e6735-6e35-619f-d961-a040e39cceea;1975-04-12;999-15-5078;Trudy596;Reichel38;F;205
edaff5df-e0ff-1045-0802-a6b5109c3c75;1965-03-04;999-41-2390;Pamelia915;Runte676;F;206
e7f6fe94-4eca-1226-d207-d5bb1275a03c;1965-07-06;999-95-1169;Trish512;Feil794;F;53
3c9e069e-d589-df37-2b96-16997147328b;1996-09-21;999-66-3288;Nakia544;Streich926;F;2
5637ed22-e65b-1e1e-d274-0bd85f12601e;1969-04-29;999-93-1051;Misty404;Dickinson688;F;26
1ac8a816-10f8-f0c7-5d64-3b54fafc7355;1973-05-17;999-63-5759;Augustine565;White193;F;207
af12f173-41d5-cc61-f211-b6118ee6489d;1984-10-12;999-50-5464;Liliana922;Legros616;F;91
39941dfb-4cb6-8d79-fcb6-1e2968d6d091;2003-03-18;999-47-6771;Glenda787;Jacobi462;F;2
f406c2c4-ee39-41a5-4472-1b6744c7eeda;2015-03-19;999-59-3768;Mariella503;Price929;F;208
be604078-845e-45e6-2682-d5a82d0d395d;2008-01-02;999-99-5518;Caroll955;Becker968;F;18
caed9ea7-afb7-13d5-1b3f-fcc6cbfff462;1932-06-16;999-70-5377;Albert312;Goodwin327;M;25
3cc736ac-0e5b-b127-4564-32857330bc16;1996-11-08;999-32-3296;Felipe97;NiÃ±o185;M;2
3a109a44-43cd-a2dc-fce3-9256763363c8;1971-07-19;999-35-8322;Devona405;Kilback373;F;42
ab2e0e99-f8b0-303f-2d8c-2877cf0721ba;2018-04-05;999-58-6803;Neida631;D'Amore443;F;8
9d6f3de5-20d0-3970-b568-9b90343ccf29;1978-07-18;999-94-8092;Carmine137;Wilderman619;M;209
301af5cd-522e-57d8-fe5c-f4212b532321;2010-07-25;999-47-7150;Boyce638;Block661;M;26
3addc75f-e4cd-ce2c-8b80-1cce24faa128;1979-05-23;999-92-3957;Lurline371;Prohaska837;F;210
4d71dcb9-603a-e31e-1429-29e08d144e6f;1971-10-23;999-46-4059;Eneida722;Gutmann970;F;211
566ce70c-1474-c211-69f9-a2cdf31e09c6;1970-02-10;999-46-8464;Denis399;Kreiger457;M;58
a2a81b7b-8823-ce76-9ab1-d12720112607;1996-11-08;999-42-2289;Antonio44;Delvalle807;M;2
e892d228-6ffd-73ec-1c17-d5227795a3f1;1979-01-18;999-51-5542;Lan153;Crooks415;F;2
352ebbd8-211f-2825-1b9d-5e3138987ee7;1998-12-27;999-42-6689;Haywood675;Rice937;M;4
f891e975-4e26-207f-23bf-186775a74591;1988-08-18;999-69-3611;Naida467;Blanda868;F;32
192a4889-2c5c-568b-afb9-81be3c7a8fbf;2010-03-08;999-25-5437;Twila243;Abbott774;F;2
79211624-1049-5b02-ea52-b346458479ce;1957-09-10;999-53-7930;Alfredia958;D'Amore443;F;16
9cd0ec03-a3ce-c375-6444-db3911ee98cf;2004-09-08;999-55-4405;Lore422;Christiansen251;F;83
352bfe79-c2d7-3d26-62b7-8b559b45f3ec;1964-08-13;999-86-2301;Kirsten270;McClure239;F;212
aea87d3d-0cc0-0b4f-875a-3bb497df9497;1981-01-08;999-88-9786;Rosario163;Jast432;M;94
c0c6c78a-8dd5-3cd6-a0ee-e9bbe4523a95;1996-08-07;999-91-4271;Verena947;Swaniawski813;F;26
ec8c9317-e311-69c9-2ffe-811b607eb800;2021-02-26;999-65-8020;Tanya49;Hintz995;F;4
d4c754d5-b64f-414c-e67d-cd4427305038;1970-02-10;999-70-7913;Frederick289;Farrell962;M;58
b60b9180-450b-1867-15f5-64a4e078a1e2;1957-08-03;999-35-7739;Billy698;Wintheiser220;M;55
7584523c-0742-c780-9e14-c75819aef39f;1983-01-18;999-19-8215;Shawna986;O'Keefe54;F;131
4781aebb-538e-9a09-e4c8-56ba23d9b4ad;1977-12-23;999-12-4905;Kira861;Abshire638;F;85
c1108df4-dfd8-09c2-277d-1baece927e0a;2006-09-19;999-47-3995;Rogelio17;Kris249;M;9
b8f34cfb-d240-6186-1613-f943456948bf;1932-06-16;999-27-7408;Danial835;Bradtke547;M;25
da85fbce-7989-3499-9382-b649c3e8d526;2002-07-10;999-85-7536;Lucas404;Medina536;M;2
b219ea78-f02e-9e18-64d0-abc605f37092;1973-12-21;999-30-6104;Concepcion673;Hagenes547;F;184
ea63053c-4309-dd76-05de-262cfba7d8b1;1947-02-16;999-29-7150;Boris111;Lemke654;M;89
c8742b3a-c4fe-6940-9e64-1b2fc8dfc59c;2004-02-23;999-35-5112;Bree992;Botsford977;F;213
d6aa5842-b450-f767-f3d9-bfc09a29afea;2014-10-28;999-93-6693;Reynaldo722;Trantow673;M;8
b542d125-e92e-61ec-8857-590ef516206f;1988-10-07;999-25-8049;Tora746;Huel628;F;16
b905aae8-f8dc-5537-b0e8-0c8551f6569e;1931-02-23;999-63-8899;Celena734;Grant908;F;85
dd5b8dc6-0a66-584c-0c9e-e4c80108c224;2020-12-14;999-74-2831;Lillian593;Buckridge80;F;146
6cc0364d-02d3-58b9-4eee-781388959b82;1926-09-01;999-27-7485;David908;Delapaz125;M;130
6d7934e9-f4af-c65f-43cf-ca12468c25d4;2005-05-04;999-67-5283;Luis923;Lang846;M;214
0f9363d3-bd68-3e67-7e9d-ac54961df808;1974-04-27;999-82-6990;Christoper325;Hoeger474;M;177
e15508a4-ee83-b4ae-0892-3512df4d0518;2008-07-11;999-20-3922;Darrell400;Armstrong51;M;215
0b5201c1-813b-b134-e6fa-0bf8b6b76c8a;1994-10-15;999-58-3229;Vanesa40;Erdman779;F;2
d740035d-05b3-5c43-c373-c8c98ac2188a;1989-02-01;999-29-5893;Denver542;Tromp100;M;216
f74c3d84-b40c-0dbb-19f3-a3d7f29e255d;2018-03-06;999-84-3088;Mattie544;Nolan344;F;46
9134b171-ca87-9302-cdbf-0a3c7c74ba26;1982-09-18;999-93-6860;Scot349;Barrows492;M;136
e902d5e1-ccfc-da56-a4bc-aa530bd244d6;1984-06-12;999-57-5432;Susanna279;McDermott739;F;26
5f642b6f-d20f-5021-ecd9-962c72958636;2002-08-27;999-38-5180;Toni630;Heathcote539;F;42
458a7c50-f5b3-0f17-1fba-100f7cc087a1;2011-12-21;999-15-6546;Makeda237;Welch179;F;10
9f635427-8919-b8b9-bbbe-05223e74db46;2015-07-07;999-19-6393;Nakisha629;Kreiger457;F;217
720e8ecb-f311-0eb9-00ff-e0b3df4df308;1982-03-14;999-88-6189;Jeremy766;Hintz995;M;49
8227050b-26b3-faed-42d7-9890f784973f;1946-10-03;999-96-9133;Javier97;Archuleta517;M;218
db0f0514-f568-a6cf-cc65-f449683de626;1958-01-03;999-72-4732;Afton574;Turcotte120;F;30
8bcc3aa0-c084-fcc4-9406-da9963b5be71;1988-10-26;999-21-9760;Chung121;Wehner319;M;186
31648d88-6d86-e70e-8da7-785f0186f7f5;2004-09-20;999-47-3366;Lupe126;Huels583;M;2
8278e215-fe22-80ab-42ea-a5477ed75035;2010-11-16;999-37-1008;Buford910;Mann644;M;2
8ecf6997-8f09-7b61-bb2d-1245f040c10f;1995-09-21;999-60-3341;Lesley194;Kautzer186;F;68
ef96ac85-753f-66f2-6228-22ee275730a7;1988-06-11;999-12-4724;Anibal473;Hammes673;M;73
6ce92787-0083-860d-d8b3-7976d988b082;2015-08-05;999-60-6587;Gerardo48;Ayala238;M;2
7cf65c97-2a13-74b9-e6d9-6dbda136947a;1988-05-03;999-63-3906;Claud279;Friesen796;M;18
31f5bc1c-9c73-2608-4c35-ae62fb5b44e0;2013-12-09;999-45-5840;Maryjane289;Bogisich202;F;66
8f72c0f2-4135-bd56-f96b-9414d48a9985;1968-11-26;999-63-2211;Noriko180;Hahn503;F;146
389e7ad2-28e8-9db1-363a-465a922c7d81;1979-01-09;999-80-7166;Ula130;Graham902;F;219
0c6490b5-b78c-bec2-428e-bd4f1e4faba9;1996-03-23;999-90-8244;Luther918;O'Connell601;M;19
c536d58a-b530-ab6a-37b9-76b2a5348f2b;1931-02-23;999-67-5419;Randy380;Huels583;F;85
2322d35f-2322-a73b-2f90-f0c61142ce43;1977-04-05;999-75-7996;Lawanna610;Nienow652;F;4
46c53d65-82de-895e-1d0a-2559d099a50b;2014-02-27;999-33-1139;Anthony633;Carroll471;M;218
8e5be699-4fe4-ad47-707b-1304a077aabb;1967-03-17;999-50-8909;Roberto515;FernÃ¡ndez399;M;220
c0a6668d-ecd9-55ee-7688-04c60784b4ac;1991-11-30;999-67-1814;Sun500;Ullrich385;F;103
79980d00-3b6e-4dfd-aaa4-19858347aaca;1988-01-13;999-70-6302;Chung121;Robel940;M;180
f873240e-aea8-ffd0-5e4a-924e9eea552d;1972-10-08;999-14-2371;Stevie682;Hackett68;M;42
20b7ed27-9e44-da4c-987c-2a06dbf6fa29;1980-10-31;999-97-4263;Ty725;Bashirian201;M;184
cb161c2c-5efb-9f3c-485e-8dc9eedc62aa;1926-09-01;999-63-7268;Santiago500;Cotto891;M;130
0e6dc474-148b-74d7-7675-30816524379d;1996-09-05;999-28-5241;Todd315;Gislason620;M;136
40a2906f-bcac-3123-ff2c-7d1067d1304b;2001-05-30;999-12-2267;Winifred736;Vandervort697;F;181
446d5ced-1a12-3e05-4e29-7baf9be2653e;1950-11-13;999-90-4601;Letitia590;Emard19;F;199
47a02a36-e8f6-44fe-d356-a42e9a8a413b;2005-07-22;999-85-2136;Katherina205;Schiller186;F;221
78334e17-9ab9-159e-e4f8-5bd1c112f9b3;1992-11-05;999-38-1160;Pablo44;Borrego496;M;2
727620ed-bf7b-3718-c860-87728fe8fbb8;1941-08-28;999-18-6783;Lacresha805;Davis923;F;76
2518aa54-d3f4-e164-a5f5-b0d4923e132b;1975-08-10;999-57-7883;Sherise735;Anderson154;F;103
c617bce3-5398-f2a6-c5ec-737a2483e267;1961-02-02;999-67-4573;Mariella503;Renner328;F;222
ec4043fe-c094-8c24-4eb4-1899c7b56d42;1997-05-10;999-79-3100;Alyce744;Corkery305;F;186
4aec9224-70a6-9fbf-d35a-1ad553c6ff0e;2002-10-31;999-81-5548;Bert917;Huel628;M;155
ea21e746-8850-1524-4615-41517f35d9b0;1990-11-14;999-19-6366;Bernardine460;Labadie908;F;25
5546a660-e842-caff-4c37-3a30656e355f;1932-06-16;999-98-7473;Darrel772;O'Connell601;M;25
3a7428af-7313-36f8-2071-944cf83ce9ea;2007-03-23;999-70-2647;Myles862;Beatty507;M;2
bc3afb8e-3ac6-2665-237e-a569b434b3d8;1995-03-07;999-39-8920;Alline927;Osinski784;F;2
a2d82382-129e-01cf-527b-00afcc712384;2022-02-23;999-61-5116;Kate239;Considine820;F;85
1a52799f-c5c5-6445-5486-59248f4daf55;1969-10-19;999-14-6054;Dorcas534;Tromp100;F;18
8b0c8211-2297-cd75-b1fa-4e6b8ef69db9;1983-02-21;999-79-5623;Donnie175;Conn188;M;30
7bd915b3-ceed-48c6-fdec-0a80eb719588;1974-09-24;999-15-7366;Shelley12;Dooley940;F;133
fe5d614f-a88a-bf93-064a-ef17e31e9c28;2014-12-13;999-46-7606;August363;Jacobson885;M;2
e28b5eec-e1eb-318b-a63f-4ad809c4841e;1986-10-31;999-56-3436;Joette227;White193;F;68
99550a31-7186-0711-b035-72f4dbb067ac;2000-10-01;999-83-4412;Lurlene215;Abernathy524;F;74
3d2170de-c781-1a8e-000e-b036581dbf10;1997-03-06;999-37-3006;Evelina828;Schmeler639;F;9
015179d5-ab5e-5eb5-8cd0-a780187ef687;1997-02-12;999-80-6570;Gary33;Bahringer146;M;56
6536cb01-ebd6-fbff-a4ee-330cbe0359f9;2011-04-11;999-70-8245;Sondra191;McLaughlin530;F;11
76b309f6-16e6-da93-3f47-f413c75e0cf6;2003-08-19;999-27-2108;Florencio463;Steuber698;M;24
c1f126fe-b7dc-b60c-4e04-2cdf98a8baa9;1966-02-27;999-41-6728;Irvin970;Bergstrom287;M;2
d93af19e-7eb7-6295-b747-f66cde1eedb0;2008-11-04;999-33-9694;Carolynn568;Towne435;F;35
de0b9b2b-6b9d-9b9d-00ff-af882ecc876e;1995-11-20;999-17-3454;Ardith914;Runte676;F;185
3f3ac23c-7401-bd59-3120-63aad4496ecb;1994-09-10;999-68-3913;Rayford811;Herman763;M;65
07211bdc-8ec8-5048-0bbf-e39ae5f1a4ff;1931-02-23;999-24-1572;Emmie273;Bashirian201;F;85
53bff302-8e5a-5edb-2135-b14a4012aac0;1990-06-15;999-12-2888;Voncile324;Collins926;F;199
6ad58f8d-841c-e2eb-0f4d-947354f242d0;1994-01-07;999-68-5318;Freddie621;O'Kon634;M;174
4c596d9e-ea9b-0879-eb85-ed46a8a67aa7;1957-03-02;999-84-5700;Hyon784;Grady603;F;37
3a6e14e2-3a2a-2d34-885d-c3326247cca0;1974-10-23;999-14-5865;Glenna97;Hoppe518;F;67
6c1a447f-7119-c263-8c88-274a134d582a;1994-01-12;999-92-3605;Bok974;Casper496;F;26
c74035ba-41be-20ea-0e52-0301eebd3f90;1963-09-17;999-64-4635;Bradford382;Ryan260;M;58
1814d6af-345c-3d0d-3387-9856df6324fa;1981-01-31;999-47-7734;Jayme42;Kerluke267;F;2
c1fa33e7-179b-69ca-3203-e3c819413304;2006-09-09;999-14-3604;Wilford267;Stark857;M;189
4c807770-2c86-3fa7-3503-860e5f75957a;1972-06-30;999-55-6554;Martin117;Wintheiser220;M;223
8905e982-7165-5ba7-0b1d-15a7af25c1a4;2004-12-11;999-99-5558;Yevette778;Von197;F;193
a72e0457-f5af-10ef-d230-fe9aa9b3669e;1987-05-01;999-98-5641;Jenna662;Gutkowski940;F;96
5953484b-0856-83b4-e62f-0e92baa7d5c8;1967-09-19;999-14-5704;Xenia801;Wehner319;F;224
c749af03-e35a-4d6d-f017-42db10832cc9;1951-06-25;999-36-3206;Erasmo545;Douglas31;M;22
5ed8003c-f516-caff-f1f0-746c16ede8eb;1932-06-16;999-16-6295;Gerardo48;Beatty507;M;25
91bcaedd-8d94-6dca-1260-990319b889f5;1990-06-25;999-45-6904;Dan465;Lebsack687;M;120
46996d51-01ed-f7d5-183c-38417f7b37bc;1985-11-11;999-38-9084;Rozella39;Schulist381;F;9
bbedeb8e-cdae-9774-f6ef-367305966af6;1951-07-31;999-11-3434;Sheilah526;Gottlieb798;F;21
f161d89f-a08b-c363-519b-97e9fa48b4cc;1979-01-24;999-70-6351;Shavonda114;Pouros728;F;16
d8c06336-89a0-618a-6189-e17fbecdb07c;2019-03-15;999-16-9401;Marisol435;Cedillo160;F;55
d3a26f9b-c434-b75c-93ad-5fc91bd2e9fa;1998-03-24;999-31-6420;Foster87;Aufderhar910;M;66
1fced3ac-f001-f169-3a46-b05859a810d7;1962-03-12;999-91-8298;Ilda728;Lesch175;F;166
1078f469-442f-c273-f554-ed3c56362d25;1956-05-14;999-87-7933;Kiley170;Cartwright189;F;225
1b9182b5-8f0d-8be2-1577-e7500e819e54;1992-02-16;999-65-1308;Jerome176;Jacobs452;M;142
9aef9e49-3f53-2edc-56be-d50f83a93160;1963-05-02;999-10-9410;Grisel924;Reichert620;F;21
c72721a8-8d8c-c2d7-6d90-dbf5eb2355d0;1964-10-23;999-80-4016;Mahalia897;Carroll471;F;226
6564e6d2-15e0-d84d-c4be-ff0f6cdbf0b4;1969-05-17;999-31-2534;Kate239;Zboncak558;F;195
3ec71f71-ca34-7bb4-2dd8-4dec7e1d8711;2021-10-08;999-77-2448;Kiera822;Funk324;F;117
5f9b408c-97c5-f270-aad5-44fbce96a96f;1963-08-26;999-44-6606;Fiona703;Bosco882;F;84
e50523e6-6058-7b66-3c69-6547bdea8c75;2016-12-10;999-39-8755;Janice500;Kuhn96;F;107
c5f73144-23d6-65b0-eccd-1d350181bd91;1941-08-28;999-93-2848;Malvina930;Schaefer657;F;76
fb82137b-1a93-d599-0741-b8bcdb9b3dd2;2021-11-22;999-15-1992;Alonso270;Fritsch593;M;9
1e867cc1-d72e-e821-8a85-c40eb626d445;2022-08-01;999-90-1961;Nyla424;Lindgren255;F;18
83c67e46-4824-2e1f-25a8-e095197f521d;2002-06-21;999-55-4144;An125;Armstrong51;F;199
79846104-4613-acbc-b60b-32cb02ff5541;2009-09-07;999-85-2946;Newton741;Cremin516;M;119
4ce7b1e6-33d3-69fc-e795-8b4e84deb76b;2017-06-10;999-85-1832;Hiedi833;Hyatt152;F;227
5bb9ca0f-6ea0-1e7b-12ef-d030ea9ce700;1991-10-21;999-98-4764;Elfriede680;Lang846;F;24
8f2e0c09-f257-b52f-5f91-b6f8f8e4f3d3;1971-11-09;999-18-3932;Selina302;Schultz619;F;73
e3de0b98-c139-4de2-a6e1-c15bee290c74;1944-11-08;999-50-6048;Bibi254;McGlynn426;F;158
1f39f09e-c09e-3420-fe96-22115e488193;1948-06-18;999-22-5707;Cammie978;Paucek755;F;91
62f69fc0-eec2-f63d-e802-1e5aff184174;2015-01-28;999-25-2152;Joel444;Olson653;M;55
1d72236e-2d78-cbea-78a7-9a62f2050bc5;1931-02-23;999-69-1728;Margherita470;Jacobson885;F;85
b9761c7b-838d-1b5a-c12f-00db7e367368;1951-06-25;999-65-8459;Loyd638;Hilpert278;M;22
cd5fd3bb-7549-0450-fcee-86d8efb801cc;1985-12-02;999-88-7919;Gale827;Bashirian201;M;2
857e0083-86ec-a7d5-b6f9-441c68953794;1964-08-05;999-56-5564;Domenic627;Christiansen251;M;139
01fdc4e5-c20f-6e7f-c6fd-32ac5fafa3ee;1997-08-20;999-95-8778;Noelia656;Nicolas769;F;85
dfa9ddae-fa98-0c0b-1c29-a05ea9321906;1963-08-26;999-84-5377;Stephany248;Sauer652;F;84
ff2f8110-5da2-5e65-e1e8-8e2ae2f7a33a;2021-06-29;999-59-8874;Marquis364;Swift555;M;15
41584d79-3663-8a1a-6063-10fd1d4a577f;1960-11-29;999-33-3784;Fernando603;Ledesma253;M;34
d29093ea-c3f9-0625-fc8f-546d46eeb10d;1932-06-16;999-77-1079;Merlin721;Schumm995;M;25
2d979a14-9f3d-a508-1bb8-dd2572a7ffca;1989-06-04;999-22-3860;Lincoln623;Ziemann98;M;20
741c40db-a899-dfcc-45ab-472864ff485d;1997-08-20;999-43-6123;Yuette836;Simonis280;F;85
8d52f5ef-04e4-04d9-1a72-369c15237528;2004-08-29;999-79-5046;Austin578;Schmeler639;M;117
7d8c2223-ae0a-7923-d491-52cb70ba7086;2012-04-19;999-40-3549;Merle11;Breitenberg711;M;183
68219916-ff8e-29fd-20ee-36ca235e1df1;1978-11-07;999-12-7185;Dominick530;Abernathy524;M;26
d620b8cd-9fdd-f5d4-1389-4b75fce4acc5;1971-11-09;999-71-6369;Kanisha187;Conroy74;F;73
232d408b-28e5-f321-8e03-2f0e8d094b8d;2023-12-28;999-77-9858;Alex454;Lind531;M;228
2cee5296-e71e-ef82-5ad6-d2c645d4bd90;1974-07-04;999-60-3296;Sterling124;Oberbrunner298;M;2
1f048802-80c0-8bf6-9ea3-dae019e28b59;1985-11-08;999-63-3355;Ilene33;Stoltenberg489;F;229
49a7a3d1-3ff7-76d3-d86f-1f9c2eee3f53;1961-08-29;999-10-4261;Tyron580;Schroeder447;M;230
93961339-8a3d-1692-57f3-6f53c54ed9a9;1972-02-29;999-75-5225;Werner409;McClure239;M;90
353a62a1-91d6-9da6-8358-46039935b511;2018-04-12;999-33-5145;Terina405;Turcotte120;F;114
e0851afb-a8d7-7023-6c5d-570adb068679;1979-11-26;999-94-4277;Bennett146;Thompson596;M;32
f8192e91-e0bc-f6de-b02d-b819ff0f53ef;1968-12-20;999-12-9091;Selena146;Osinski784;F;231
93a26175-f634-7fbf-3039-b8c52b76ee42;1989-12-29;999-32-3902;Suzy993;Gerlach374;F;39
665de372-c875-0c7b-08b9-3ae9893ff05a;1984-01-08;999-19-9593;Adolph80;Treutel973;M;32
4a9bc80c-8805-88ee-9bb7-9f14eb47ab03;1952-10-21;999-15-8196;Jackson413;Cassin499;M;102
188cca4a-f014-fc62-482a-5541c83e17d3;1982-04-27;999-80-3053;Caitlin552;Armstrong51;F;45
6025477f-f0dd-db87-6f17-a75e3da31ecd;2004-07-08;999-38-2721;Beckie79;Jones311;F;52
f9462154-3104-c402-d7e2-b06edd5ee193;1997-01-29;999-26-6207;Rudy520;Collier206;F;2
099a0c67-7265-8b2c-fcff-56cb1a74572d;2022-06-14;999-99-2603;Alysia661;Weimann465;F;47
8905ea00-7b6e-393a-9410-c9aaa3de706e;2020-12-31;999-88-9664;Bradford382;Bode78;M;232
c59cf58e-f5b7-bd57-cc02-8a85a0f5b52e;1970-05-21;999-32-2689;Monika509;Jakubowski832;F;91
1c4c9fb9-6f94-2eb5-4947-30a4721ad470;1975-12-28;999-97-2112;Alfred550;Williamson769;M;21
de97a1fb-25af-1045-e508-97a4bfdb72a5;1968-07-04;999-49-9669;Jeffery551;Terry864;M;219
1cad694d-b042-872d-486f-da0fb405ae47;1943-04-13;999-18-5782;Susanne275;Altenwerth646;F;233
4387867f-cc07-664f-85b6-c8adcfcff881;1954-04-30;999-30-9678;Willia886;Ortiz186;F;34
51a8c4ee-8fa9-a69f-adc8-2d1bdab581d8;1959-04-13;999-53-9267;Lashaunda155;Russel238;F;67
87cd17a3-3e16-4f39-a0c0-a783619badd1;2003-07-18;999-52-2087;Oma395;Schmitt836;F;234
06d3f45d-7df9-5559-2dbf-3d2151eaf604;1957-06-21;999-22-9278;Sue491;Schuster709;F;235
a7192b84-29e5-7b82-e7da-38127ab27754;1999-12-29;999-81-2541;Benita195;Kulas532;F;101
a0944434-7465-f073-879a-3320effbf6a8;2023-11-28;999-48-2709;Darell496;Bartell116;M;110
ae4b2e9b-84f0-aafe-625b-123955daafac;1967-03-01;999-30-8175;Golda777;Gleichner915;F;236
17ee88ca-070e-ea93-e3f4-4b9cbab25045;1963-11-13;999-21-3025;Merrilee429;Kris249;F;237
8f06b3ed-3ea0-67f2-1336-dde1cb9bc4a0;1951-04-01;999-86-1191;Susana117;Torphy630;F;74
1c03c608-dd7b-3cd8-f635-be9d44940b3e;2023-05-12;999-83-8109;Percy315;Zieme486;M;135
09a123fe-c2a5-da81-11df-5c0220046907;1971-09-13;999-99-2622;Curt84;Cremin516;M;52
1ffc503f-8070-7c96-85fc-003684f7b2b0;2017-02-26;999-64-7250;Jody426;Mosciski958;M;30
c2a95e67-0f1f-8da9-3e06-e0fe2c91f3e9;2010-08-31;999-90-3701;Teodoro374;DomÃ­nguez946;M;32
3dcf19c5-0da3-8411-f623-d19924e12739;2003-05-14;999-23-3476;Bryan958;Johnson679;M;85
4aad927c-00b8-f9f6-4bed-0bba518c4392;1991-09-22;999-75-8907;Terri848;Bogisich202;F;132
0b270589-478b-3ad6-872e-3c8f2d527b03;1996-11-30;999-45-6660;Lizette501;Zieme486;F;74
0c36aec9-b398-9d32-9009-6952443ae633;1960-04-26;999-22-6780;Verline727;Legros616;F;79
34243ac9-f790-773e-8430-0c5bf436a2f6;1995-11-22;999-96-5543;Deetta949;Morissette863;F;8
16bb59f5-e4f4-d2bf-5eab-0cc5edcfd15f;2003-12-12;999-93-4727;Herma433;Kris249;F;52
2ea46e81-03f8-8b43-1dc7-c43bca406591;1977-01-28;999-92-8118;Jayson808;Hickle134;M;181
6b11d186-7c5f-dcd4-61e8-5dd688fc9e5f;2011-10-07;999-16-4959;Bernita55;Kub800;F;238
ea9bddaf-326b-d200-e0ea-b9bb0b2bfa34;1943-04-13;999-54-6796;Courtney281;Emard19;F;233
b67f58ef-f4a6-b46b-81fd-79602fd94611;1994-07-03;999-63-5277;Francisca486;Zamora648;F;122
5be45cff-af02-51a6-e478-52441471ea50;1985-05-28;999-13-3705;Kraig824;Eichmann909;M;137
59560c65-217d-8dcc-8370-8c31097d5f63;1967-03-01;999-45-3702;Rhonda22;Rolfson709;F;236
6904d8c4-f91e-fcab-a04d-01599bb6104a;2005-05-09;999-89-2938;Gale827;Gislason620;M;239
c964c144-7d63-32a6-9976-412fe3fba9b7;2021-06-24;999-79-7277;Tiana543;Tromp100;F;2
54e83fd3-3b1a-2e34-986d-1dceb8d55c5f;1977-02-18;999-17-6253;Alyssa971;White193;F;61
ab9d5054-0c23-2ad6-3155-2fb146f36ae8;1974-03-04;999-74-7860;Nga248;Witting912;F;240
3689f4a1-dc56-1023-262c-81961ebae8db;2004-12-15;999-59-2042;Miguel815;Douglas31;M;2
a61fd664-0f71-b6bd-7809-a02e2aafa828;1947-11-01;999-67-1676;Laticia649;Lockman863;F;169
880cb404-4dbb-3913-6488-cc8983b896da;1990-02-08;999-28-6931;Roseline981;Flatley871;F;125
dc68c855-f69c-6a8d-7219-70467cf28ae3;1943-04-13;999-48-8503;Klara351;Murazik203;F;233
41dfc487-96d4-25c9-3895-10fbbf942795;1987-02-16;999-34-7137;Troy560;Corwin846;M;154
e19ea198-885c-325f-7f45-c3b76fee2914;1995-09-03;999-43-2629;Eddie505;Crooks415;M;3
542f7f9c-9ef4-e5fa-758a-4539fa46226e;1951-04-01;999-37-4054;Nancee600;Wisoky380;F;74
826cf882-75d8-8cdd-7259-765cbfefbc1a;1951-04-30;999-58-4906;Kraig824;Turcotte120;M;241
fa2c8259-d740-e8af-a52f-87ed415eda3f;2002-09-20;999-59-4818;Harley673;Altenwerth646;M;218
9c381b5a-efc9-287a-3057-056d4454c699;1998-09-15;999-83-6418;Bryon392;Little434;M;145
334c3901-e609-2913-ec0a-0c4aa34a1a05;2017-05-20;999-76-1992;Buford910;Aufderhar910;M;55
c71f3b83-96c8-9815-6b8c-f120e0e6e9e0;1958-06-06;999-46-4802;Shawanda667;Pagac496;F;53
aef036ef-5723-b173-b6d2-63bb6c5dffea;1976-08-28;999-17-7568;Concepcion673;Hamill307;F;30
acfcf5f3-c3e5-f809-1748-5a5982170732;1962-07-04;999-74-4833;Dania217;Dickinson688;F;104
74a6eade-287f-c411-dc5e-ed97c08bf331;1936-05-10;999-69-6434;Julio255;Carranza218;M;207
58d3f588-d47d-635e-1bef-65efb871171e;2020-09-30;999-32-6750;Evalyn273;Stamm704;F;18
594d2135-a4cb-ed06-da36-18a53d948c0a;2010-12-25;999-38-4214;Carl856;Beer512;F;159
6e5f4415-1bd9-2369-0c26-dd0cd58cf220;2004-09-05;999-48-9407;Leatrice181;Jaskolski867;F;131
213a4618-7c44-54bf-fa2b-16344aa1cb67;2004-03-25;999-10-7697;Jame231;Russel238;M;220
688c4f3d-c933-cf72-b20c-a31fb1a533ca;2015-08-14;999-75-8105;Lou594;Boehm581;M;125
82680aae-bb83-a19a-975d-ef15a3a224b0;2024-02-29;999-89-1736;Sylvester827;Gorczany269;M;2
e538ed0a-f4f7-022e-7584-a7e87ac9d957;1960-02-17;999-69-4564;Emilee283;Reynolds644;F;198
99f13414-2c86-ddd2-4cad-86b4b4e81a8b;1987-03-01;999-99-2044;Pearly845;Glover433;F;242
fed4b76e-99c5-53e9-fd0f-0b0f4b6ea139;1973-07-29;999-71-1938;Harrison106;Lemke654;M;114
5d5c8348-fa2b-0531-1824-d348f1fbd900;1976-04-14;999-23-5820;Marshall526;Kiehn525;M;26
d1215f39-948f-4980-f0b0-af75798119c0;2022-08-05;999-88-4177;Natacha644;Pfeffer420;F;10
35e1f8b7-d51c-d8d0-3b20-ff14f30a1730;1951-04-01;999-99-8207;Mozelle144;Thompson596;F;74
11d12a43-eae1-da82-2946-8f3fb767de35;1987-05-04;999-43-8535;Alvin56;Rippin620;M;16
6c305295-8e94-b5d8-d5c9-dabc7fbe9c85;1987-09-11;999-93-6002;Dennis979;Kozey370;F;2
25de89b4-b751-0edc-cdd5-893116fcb304;1951-04-30;999-90-4735;Clinton763;Ernser583;M;241
aa5cfc73-f0c7-6d42-640c-09d5348e7b96;1955-12-07;999-32-7506;Lupita673;Bosco882;F;94
baa84790-0e1f-633f-4a99-1fda7ca97ec1;1943-04-13;999-32-2961;Christene303;Thiel172;F;233
00582347-6bbb-2bd9-8702-f99195cff633;1987-03-01;999-87-2061;Annis955;Balistreri607;F;242
01baec8a-78d4-f975-9bf8-2ee0c1100124;1970-05-06;999-43-7292;Robby860;Larson43;M;47
b75cd236-74f9-87b2-b3d8-290657dea847;1946-01-20;999-78-5789;Dewey930;Herzog843;M;156
8bec9339-256e-3925-77e2-c3d84d2e9b1a;1982-04-13;999-82-2711;Jeni110;Stark857;F;243
25f18083-99d1-b20f-0c91-c00285fce69f;1936-05-10;999-52-3428;Fernando603;Loera89;M;207
32091aba-218f-036d-7c68-3c3b3702ae11;1991-12-06;999-45-9423;Sandy901;Nicolas769;F;151
cbf8a340-6c87-1fbe-e5d2-4aad33f739b1;1987-12-19;999-26-3875;Janine159;Vandervort697;F;203
1553ff94-dc74-e0db-39d4-136d414dd63f;2020-02-03;999-71-9652;Elvis145;Streich926;M;101
21a76431-a9cf-d83d-3691-5f5731be1bc2;1945-08-11;999-18-2872;Shay725;Tremblay80;F;184
cb087cb2-c0c6-d637-b5df-31089104daef;1991-06-10;999-16-7892;Rosamaria757;Hermann103;F;2
38c5c719-b915-9503-91c6-431c6a936e7b;1983-11-30;999-69-5345;Esperanza675;GastÃ©lum330;F;16
5bbf7bcd-5840-df93-9215-618abac17f88;1973-07-29;999-55-9542;Wes853;Kub800;M;114
e535632c-03d5-d4d0-b163-49061b59cc67;1986-09-25;999-19-2056;Jeanine128;Wilderman619;F;12
ca98b75d-79d9-35f4-6d6f-e07130ef0894;2006-02-26;999-76-5427;Elvis145;Schamberger479;M;42
12e9fe9f-1e58-4f72-3c57-d3040f68fca8;2016-06-01;999-20-7991;Adela471;Crona259;F;242
2841a2b1-d531-d144-7388-4286dd5a9503;1968-02-23;999-77-5642;Alberto639;Zavala169;M;26
3c6bd031-3122-940e-0e0c-6d1daf4bdaff;1943-11-05;999-94-3247;Corrina72;Weissnat378;F;54
fba3d40a-340c-18f1-5aaa-5ab356ac1ff2;1997-12-03;999-14-8541;Miles206;Barrows492;M;141
14840b05-acbf-d430-9cce-015d47ac6113;2013-09-05;999-91-4539;Josie226;Haley279;F;218
818af9ba-85bf-870b-a296-7045a457624b;1963-09-12;999-57-2611;Samella245;Padberg411;F;9
70bb23bb-d3ba-7ba6-88d4-97a6ef316413;1997-01-09;999-35-6127;Gregg522;Murphy561;M;125
bea2ec7c-f7a4-4b01-15e3-99d4b1310d53;1993-04-22;999-79-4345;Lilla884;Mueller846;F;244
2d94f267-f9d0-7657-32e5-734b5b9e7e59;2006-02-26;999-65-1194;Michale231;Mertz280;M;42
878c83c2-3ae2-3570-52e6-acfe1376c298;1976-06-08;999-63-2014;Betty470;Turner526;F;2
e1c6025c-6635-b3f6-7fbc-71b975e522f2;2010-04-01;999-93-6459;Alonso270;Schumm995;M;202
b8dc8c08-cf7f-821a-d59c-011e2f53aac1;2004-01-12;999-75-3519;Jaquelyn689;Cremin516;F;90
b4e24a4f-f2a1-783b-4f67-bafddf068833;1995-06-05;999-94-4921;Norman647;Hayes766;F;214
6f61224c-d047-0bf5-91e3-5b0b32ec4316;1968-01-09;999-24-5489;Jerold208;Friesen796;M;66
762d107b-bea3-5b0c-2793-e09d0e3b683c;1974-02-12;999-88-7044;Marcela739;Hahn503;F;207
6d9e619c-6231-8364-2eb8-44109db4a452;1965-03-03;999-23-6887;Sean831;Stehr398;M;39
fd748c92-1c17-e12a-5005-c5f3fb0cf160;1943-11-05;999-68-9793;Shanon591;Purdy2;F;54
50d56e56-607c-7f7a-f6d9-7ae3d7cf04fa;1986-04-15;999-31-7494;Yvette315;Jast432;F;13
43865bc9-a369-4ca0-9a6a-62c659766017;1966-12-24;999-90-6031;Tashia814;Wisozk929;F;85
27353be3-4688-c635-a2e6-4675325e6294;2002-08-11;999-44-9544;Thu65;Ondricka197;F;119
e2cc6d1d-5307-dcf9-b63a-49bb504703e1;1977-12-03;999-36-8952;Lucas404;Hettinger594;M;201
7cbb5b26-42f9-04d2-69d6-a7ddf7399416;1978-05-06;999-29-4800;Rory188;Purdy2;M;245
efce2be2-f64b-1ade-031b-27d329313e83;2008-10-13;999-38-9976;Elke785;McClure239;F;50
b8f020af-11b7-af00-dcb3-2a62956f4ddc;1965-04-22;999-83-8758;Leon728;Wunsch504;M;48
ff20b579-50dd-c43f-2787-74bd8b681f1d;2011-09-07;999-56-9813;Devin82;Pfannerstill264;M;54
c29665fb-d3f1-db0b-8f83-b87469138cae;2018-12-23;999-29-3166;Shayne60;Hilpert278;M;87
bf885f5d-1c8b-8103-31f4-b4561d0773c6;1966-03-19;999-13-2733;Dominick530;Raynor401;M;60
6c03b2e3-f8b8-a2ec-5bdf-1fa03b088be4;1947-07-14;999-43-9189;Antonio44;Champlin946;M;65
79c15941-d3a3-306f-ec8b-5f693126347c;1981-03-13;999-83-2310;Leon728;Hermann103;M;117
f4b32696-bae3-9c87-0ee7-4556ff3057e7;1978-04-14;999-65-7343;Fredia307;Oberbrunner298;F;2
9726b1af-151b-fec4-cb1e-a387cfa7b52f;1954-03-17;999-57-6638;Felice694;Towne435;F;26
949e5f78-5077-a093-25e0-3ff959fd16d9;1964-01-20;999-30-4367;Aleta47;Mohr916;F;2
f47320ed-ac2a-dd29-e189-f77a385268db;1970-11-14;999-38-8445;Michal596;Ondricka197;M;32
922bdc30-b788-8738-0656-dea600b627c6;1977-07-12;999-37-8265;Cletus494;Davis923;M;4
0494c53d-773b-80ae-ab9e-64198e143243;1965-04-22;999-11-8120;Hugh686;Brakus656;M;48
0065564f-162b-103e-46c2-d882fb767a74;1961-01-01;999-68-1863;Jere230;Baumbach677;M;45
157741c5-c390-3734-1243-b04586dfdc57;2002-01-07;999-63-6403;Benito209;Davis923;M;104
13d9c349-4b6c-ea39-9898-ea5eddd543c9;1983-04-28;999-98-8794;Leonard963;Larkin917;M;80
ca13e3c5-7a2b-e42d-432b-94c3259743ce;1963-03-08;999-99-4955;Myrle831;Jones311;F;3
761ad9a1-d1a8-7f82-cbb3-029046f0275e;1953-05-17;999-77-2803;See995;Kozey370;F;113
b97d0d33-9163-df56-342c-252adba68fb4;1943-11-05;999-92-4460;Trudi580;Kovacek682;F;54
33f3c43d-a5aa-b498-7c1d-9a8d1b9c0357;1960-03-30;999-27-8270;Ping698;Hamill307;F;54
41d8cd9b-67e3-06e0-3a1b-ef3bb611d337;1990-03-27;999-90-8050;Antione404;Nitzsche158;M;2
d6c1ec7c-be1b-fd5e-ce98-77ae88e8fa70;1953-07-06;999-10-7992;MarÃ­a JosÃ©279;Mateo562;F;2
0a7a4662-0d7d-ec19-23ab-31905f488a84;1975-08-16;999-70-9538;Mariann762;Considine820;F;122
c7fb1d94-0c76-b096-babe-e2df51942f01;1947-07-14;999-72-4466;Mathew182;Gerlach374;M;65
666bdb95-861e-9762-5db4-6caafd9d8f6e;1969-01-16;999-73-3247;Benton624;Cummings51;M;130
8a7da246-26c6-512e-e679-3205f6b77d9e;1945-05-17;999-33-5785;Caridad510;Riojas420;F;139
22b93d1f-195a-59af-66e7-1e5fbf58a21b;1975-01-18;999-94-9438;Adell482;Johnston597;F;184
08e18cf7-616b-5e4c-d45c-44230df7f7af;1957-01-29;999-90-3010;Margarito178;Predovic534;M;2
a29ca7ba-8d18-9131-5421-578ef44b78c8;1970-12-09;999-97-4086;Roseanna881;Stanton715;F;197
a95dcc95-15a3-5f97-d8bb-01f24a2e99f0;1954-03-17;999-93-3516;Rosaria177;Miller503;F;26
21bccde9-1a47-217f-1ebc-10e349043c72;1967-05-10;999-55-3526;DÃ©bora815;Porras535;F;91
48d8ac3c-11b2-6b50-fe7a-1f6bd61d4b15;1964-05-26;999-19-1677;Julio255;Crooks415;F;211
d292f2ef-141f-551a-a31c-d331c8bbae60;1997-05-14;999-39-7455;Huey641;Stark857;M;167
7de88cdc-3503-ac63-f89f-dabc4d4b61eb;1975-08-07;999-24-5642;Hung902;Welch179;M;14
48844571-1c03-a223-101e-d748375b423e;2005-06-13;999-21-5760;Francisco472;Terry864;M;246
5b3fcf3d-45b8-6775-4c79-f518f6336b33;2012-05-13;999-46-9375;Demarcus108;Glover433;M;182
8ce0d38f-5ee6-1d15-1ca4-9d5638e43a8e;1963-07-17;999-73-1743;Mirtha993;Stoltenberg489;F;2
7504e53b-78f8-7935-552d-9c4925bc308c;1975-08-16;999-84-8403;Azucena377;Wehner319;F;122
de29b468-b4bf-31a0-c9cb-d209639d101d;1998-01-13;999-22-3465;Dorie139;Kirlin939;F;208
46c67e99-0483-3212-ba1b-eeb5a5a679b9;2019-04-24;999-37-8780;Jared66;Robel940;M;111
125fe66d-8506-adfe-16fb-46d97dd42f4a;1972-07-15;999-93-4607;Emery884;Dicki44;M;56
eec5e0e4-4ee5-4619-03e1-d99ddce86778;1992-03-31;999-96-3070;Basilia559;Torphy630;F;29
8c6c615f-cd3c-a2a8-c558-6ee0b0ccafb8;1996-07-28;999-29-3354;Cynthia180;West559;F;178
8d42caee-48ef-5049-6c66-a8ed3861fc75;1974-08-29;999-55-6341;Emily542;Fritsch593;F;128
1d38b75e-68b3-34b0-19a4-39b2604dc5e5;1977-04-24;999-77-4139;Isaias604;Heller342;M;18
b52605f3-4fad-b4bc-d812-72e83fca4065;2024-09-29;999-19-3469;Vikki110;Bradtke547;F;247
d3b5b7f8-39cf-3b09-33c1-6cf66d6c3981;1998-01-13;999-26-1435;Ilene33;Considine820;F;208
3b4a272c-e89f-2ab5-3430-5d13f9b51bbc;1984-11-17;999-48-1938;Malik994;Wintheiser220;M;87
0b4c6318-4d12-7df9-5f0d-033029a22466;1969-01-16;999-35-5704;Adan632;Hickle134;M;130
d9892d65-0556-4244-682f-e15a259a1ef5;1998-12-12;999-44-3317;Hilton264;Fadel536;M;2
3c386c1b-24af-45e7-d812-0f145ebe5be5;2022-06-04;999-75-3191;Lou594;Bogan287;M;57
c529b72d-ea9f-7d98-205a-950c47d33852;2011-06-24;999-62-2713;Paulette168;Reichert620;F;22
a3607b40-9e56-c747-2c4c-c494e13899a5;1980-05-29;999-16-8178;Owen89;Heller342;M;166
29bb4734-ad85-27f9-a4c0-61286eb746c9;2013-01-04;999-89-2335;Shelton25;Fahey393;M;119
5d548ac5-a995-f989-ac46-96b41921abdb;2000-07-15;999-14-5488;Brook779;Johns824;F;114
ae26bf18-cfbb-d0b3-99fb-8ce703d348b8;1950-06-26;999-61-1816;Masako522;Huels583;F;49
95639581-72b3-3e10-6219-570d0cc11b78;1960-04-17;999-23-2855;Charlott617;Schmitt836;F;248
6e2851fd-3917-7af7-ad02-bb4c031451f8;2013-08-24;999-96-3266;Claude750;Lind531;M;46
26bc9f97-1b82-87c7-146f-1a52136b908d;1973-02-10;999-15-3418;Celena734;Abshire638;F;134
d27aa22b-42f7-84d0-d57c-1b3f82549cb2;2000-09-17;999-61-4764;Alvin56;Carter549;M;199
c50f64ce-088f-defb-2ab8-8778798161aa;2026-01-13;999-89-3328;Stewart672;Stroman228;M;117
628ea117-490d-f712-5f28-427d4a3915f6;1960-06-24;999-95-2402;Max124;Abernathy524;M;21
7f38373f-badc-72b7-92e6-1ee4626c6fd0;1985-04-07;999-46-8914;Deeann517;Paucek755;F;159
c418d164-0551-363d-934a-4395c2ebe3f8;2008-06-23;999-40-6019;Rene434;Carter549;M;193
cd519c1b-5148-b422-4854-cff1c875d47e;1967-01-29;999-56-8336;Kris249;Gusikowski974;M;101
96b8bbf8-a467-b520-a37d-61fa54844314;1972-08-11;999-40-7921;Clinton763;Weimann465;M;15
30d23736-e12b-a79b-096e-41eecb5ce26e;1975-12-30;999-84-5892;Adolph80;Armstrong51;M;151
7ed3c069-0549-54d9-4d41-888ce122ad2c;1953-04-11;999-41-5285;Hae300;Murray856;F;217
8d497d7a-d0a6-b8dc-79d0-9f18779521c6;1977-12-03;999-84-3038;Muriel394;Brown30;F;158
5630bf1b-aa77-1db6-c532-93efa60d9847;2008-06-16;999-13-5314;Evelyne208;Borer986;F;140
b6919a41-9d1c-5f99-f8e9-27127d1a2f6c;1979-11-01;999-78-1625;Jeremiah751;Mayert710;M;238
d680e1ca-fd2b-642d-9012-22ee71a9fae6;2002-08-07;999-33-7126;Brenton674;Bogisich202;M;114
df2e2d2b-7fdb-7f96-ce1a-46e82386298b;1981-11-24;999-54-1637;Minh326;Emard19;M;2
4dd39dd6-fb35-aa1f-53f5-072820b3ff87;2021-02-25;999-74-8737;Dong972;Cormier289;M;16
a46327d5-afbe-3de1-8206-6be32f3f33c0;2008-01-26;999-92-8612;Jonathan639;Schumm995;M;117
9bfb0998-f6a2-acff-b0d3-db8d010c1d65;2026-01-24;999-19-8669;Allan198;Cartwright189;M;114
529966e3-e9b8-e88b-95b1-36b09ba1ff64;2001-12-10;999-38-2356;Chelsey293;Upton904;F;117
58c4ae5e-b8b5-8f82-5892-85594ed63b5a;2010-03-30;999-35-9700;Charlie254;Wilderman619;M;193
80f49c04-18cc-916e-7972-b8ee64178774;1964-02-12;999-57-3048;Leeann571;Rolfson709;F;249
9f93590e-0969-f8c5-f708-ba9ad9636806;2006-08-25;999-32-4390;Winnifred2;Quigley282;F;13
c06a88d4-8211-7122-fbf2-a1f3dc26c2a4;1962-01-12;999-79-9823;Elbert916;Stoltenberg489;M;2
7f14d7cf-fa4c-5076-0ecd-4b8f26b4de83;1985-09-17;999-74-3846;Antonia30;Johns824;M;110
2e116111-fb75-a4d1-53e6-35918ee6fb91;2021-04-08;999-53-2540;Porsche32;Konopelski743;F;40
a6cfb734-aa13-075c-8eb4-684aa86ed08c;2006-03-18;999-86-4026;Taneka590;Grant908;F;106
aaf60eed-5132-2628-0774-1734be0d36d5;1991-04-25;999-61-8579;Dominque770;Cronin387;F;4
eb576814-6668-1af1-3461-0899c5894ab5;2023-01-21;999-67-7214;Humberto482;Simonis280;M;178
3f996108-7de3-4069-8a53-c26b2315a7a4;2004-04-10;999-94-4226;Alleen813;Green467;F;94
8efd741c-7b06-1aa9-1573-f456c2a9641c;1975-10-29;999-84-2334;Nancey580;Wunsch504;F;250
4f3cd27c-40a1-e332-347b-4bf3f59f5fc6;1969-04-05;999-94-6487;Zack583;Ratke343;M;94
2c3c8b26-8721-f8f8-2c55-79cbe2e5ab96;2005-10-14;999-53-7309;Marilu588;Kiehn525;F;183
b0a7bdfe-8d9a-0184-d588-3142bd74d30a;1971-01-31;999-47-3383;Yuonne878;Marquardt819;F;122
eaa30cb1-8e66-c9e6-7927-cc812918095e;1983-01-04;999-64-5228;Julissa825;Zulauf375;F;140
ae3c8807-f98c-b96e-1111-30967fe8d12f;1953-09-14;999-86-9570;Kermit56;Friesen796;M;8
a303d932-29cb-796a-178c-e821340e5b35;1990-09-17;999-23-5185;Chauncey770;Welch179;M;181
3aa50aef-b645-0e3f-e572-b7fb04ac611a;1968-03-18;999-93-1209;Herman763;Dooley940;M;53
39eef500-0217-21f4-54fd-35e37b7489b8;2007-05-19;999-94-4060;Chana895;Raynor401;F;139
a14e89fd-5178-ffe4-4b5e-c655f082e7f3;1971-05-07;999-96-8153;Arthur650;Abshire638;F;123
9a127dbc-65ca-eca3-317b-cafec3a2b202;1996-11-13;999-29-5191;Russell422;Pagac496;M;221
c1c502e1-753d-4404-06d8-3fa1d88d3ff0;1972-02-04;999-10-4171;Tomoko463;Bradtke547;F;251
143d9684-1cec-8e3b-e06b-e7969297a38c;1959-10-23;999-85-5830;Cyril535;Auer97;M;26
628621d1-a5b9-4359-ea73-6f8869403ee1;1961-06-22;999-30-4807;Un745;Oberbrunner298;F;105
a0f844c7-2f42-38b4-5a7b-0f567eba18e3;1988-10-11;999-84-2198;Stanton715;Corwin846;M;231
5db95b72-f248-a896-817b-bdfd8410c469;1999-07-13;999-92-3071;Charlette938;Gibson10;F;207
4f647efc-1d5e-e55d-c20d-d8047281d40c;1979-06-18;999-67-3834;Hilton264;Willms744;M;96
4e445985-2c30-ce5f-a092-8112653ca19f;1998-08-20;999-13-5776;Israel728;Bechtelar572;M;252
e06d8b9f-af74-ec3f-0aa4-4d597127024f;1962-01-12;999-41-9283;Wilbert25;Rau926;M;2
055bbf76-acd1-52dd-a306-ebaf0f009101;1979-01-14;999-80-2824;Juana825;Botsford977;F;178
39bcfb16-bd51-bd4a-bb43-dc593caff3b8;2008-04-25;999-29-8618;Noel608;Gorczany269;F;253
759af65e-9530-d284-44ce-5c73eca684fe;1977-10-27;999-82-4976;Weston546;Welch179;M;4
bdbb86a9-74be-0766-8878-e96d7f4f1d00;1969-03-27;999-88-2214;Benny518;Rolfson709;M;39
832e67ef-7f10-ea76-b6cb-5f66f191e2df;2001-04-26;999-66-2822;Miki234;Fadel536;F;81
1e795534-7082-eff1-3e6c-4709d2478ee1;2004-06-29;999-74-1702;Tosha401;Ferry570;F;138
4b192eb0-99e3-3d11-b85b-1617ee4a2960;2011-06-12;999-55-1200;Anne636;White193;F;200
f78642f8-6202-26b1-eb43-1b82615d0068;1959-12-27;999-10-2663;Rory188;Kovacek682;M;201
82711ab7-179a-c986-34a3-6027474203d8;1985-04-15;999-60-6152;Enrique929;HolguÃ­n308;M;249
aece153e-84b7-e4f9-21b6-5f87d13eb7c6;1953-09-14;999-96-6387;Cole117;Schaefer657;M;8
e3bec69d-7b53-5fdb-c29b-9c0d022b7a49;1918-01-31;999-28-7843;Herschel574;Romaguera67;M;36
f2e4ef09-ae26-ac71-54e4-058d835bd2f1;1965-02-25;999-53-4738;Dorian295;King743;M;18
f45c741a-e6e1-af74-ff47-90db9375854a;1965-12-25;999-34-4815;Evalyn273;Koelpin146;F;248
33f12c38-d041-20ce-3929-b66f1837a632;1973-08-25;999-36-3529;Audra143;Price929;F;18
5441c141-618e-1f22-24a9-2769d5cc67ac;1973-02-11;999-54-7173;Tyrell880;Schoen8;M;5
e80151c8-e713-6181-b851-1f89b1a89ddb;1990-06-19;999-71-9376;Victoria535;Espinal146;F;2
80a2fbb7-ee34-ece3-76b8-9ce707b3cae0;1959-10-23;999-39-9347;Christian753;Bednar518;M;26
796b5f4b-f5bb-45fe-5ab6-f8374584fab8;1990-07-11;999-74-4997;Cortez851;Smith67;M;2
b1214c48-8d67-1637-628a-84fe67867ea4;1966-08-13;999-50-6781;Kristine579;Feest103;F;254
f0cbad37-5da0-248b-24f6-2b7bc3bdfc3e;2015-12-10;999-22-5211;Li461;Kutch271;F;54
bf21735b-37e3-78d9-7615-8940b728ee32;1964-10-14;999-49-2669;Ashanti808;Brakus656;F;26
e67c74bb-cd47-e73c-ad99-68f6093a4067;1994-03-22;999-27-9499;Miguel Ãngel46;Merino448;M;2
161b5923-5214-e399-4159-ab45c3f8b792;2013-01-01;999-19-7691;Lane844;Lueilwitz711;M;39
16d0691d-f743-1ef2-b28b-b1f23913a95a;1955-07-01;999-40-8506;Norris589;Larson43;M;255
f75b1eb3-c3c1-3b1e-8df8-ae1b44edfcbf;1964-08-18;999-14-5892;Timothy142;Ernser583;M;65
4432c636-6e88-4c10-5e46-57137882bb05;1973-09-19;999-16-9354;Basil991;Gleason633;M;208
5ef56d8b-0af7-7dbe-4992-c149d930cfef;1965-12-25;999-85-3407;Deon400;Jaskolski867;F;248
2647e628-e473-f630-7970-c0424f24ebf8;2009-11-03;999-26-7993;Ignacio928;Lesch175;M;2
de69b935-cc01-67f1-9484-7c2ba5c29cc7;1968-07-15;999-11-1794;Kenny207;Kunze215;M;2
28338a04-443a-750c-e36e-68e5a435f9eb;1989-12-10;999-50-6478;Amos720;Keebler762;M;26
ee86c230-08a6-fddf-4c48-92e917f6c382;2020-05-10;999-32-7902;Jenna662;Carroll471;F;79
c5d09c6e-66b5-d24a-6bdb-75edb8e63ddd;1961-06-12;999-87-4430;Sherman440;Beer512;M;52
5eb576f3-4dcb-f888-718b-8a6be16e5791;2011-05-03;999-47-8051;Dwain139;Weissnat378;M;12
7fc7e9c0-97ac-8157-d0e2-3eda8d1a27c5;1967-09-06;999-65-4177;Tran115;Waelchi213;F;195
ef9e0576-f675-9900-b7af-b9cf31b6bea4;2012-05-29;999-39-6268;Kelley882;Kemmer137;M;18
ac826709-ec55-7129-f0cd-0c6ffa7c0130;1942-12-04;999-21-3885;Beryl690;Considine820;F;66
76ef2ca5-9b97-9567-1186-d718e0347e2b;2024-06-25;999-76-7272;Idalia306;Friesen796;F;168
8ffd7189-1688-e749-99c5-c4e7dfa345d4;2003-05-16;999-46-9504;Mack300;Schaden604;M;167
9d1005d4-06b0-2bcf-40ef-2d3d33c5c629;1962-03-05;999-99-4665;Dimple273;Schiller186;F;2
1378e643-cdd8-55f3-61cd-63ee74ede379;1957-03-08;999-78-4086;Wilfred787;Runolfsdottir785;M;2
73725638-1646-f0f1-8a9f-c707a6e436ef;2024-11-24;999-75-1594;Janelle257;Wintheiser220;F;227
7014cc5b-7464-1b76-1eb3-70990246c1a9;1964-10-14;999-72-8093;Aleisha941;Jones311;F;26
9441e067-9907-26cb-7824-0e888aed4ed9;1975-11-02;999-46-2356;Adele475;Fritsch593;F;154
5ed8c815-6ad6-0498-5cad-2b213b451f27;2012-01-14;999-34-1364;Cyrus914;Rice937;M;117
11450f52-ad09-0ebe-1da8-9f02f3849c37;2025-07-24;999-62-2271;Nina110;Daniel959;F;55
2eb436f4-0578-8cee-f9d1-0ac20e1b1c7d;1951-10-31;999-10-4178;Bob965;Weimann465;M;26
4b7a601d-e598-8530-c255-ad49029f903d;1963-04-01;999-47-2880;Garfield38;Mayer370;M;12
4338339f-c769-a8cd-ccdc-0c0531e6ef48;1965-12-25;999-22-5230;Joana79;Leuschke194;F;248
5b78e7a2-0cc4-f967-3d25-b9762a5856f8;1973-11-28;999-81-3603;Hannelore734;Hauck852;F;252
85d5290a-24ca-da57-8de4-d5e91eff58d3;1979-09-26;999-37-1211;Wen848;Olson653;F;85
86bdda45-ccd1-ec63-5d4c-b50d7ff9e2cd;1965-09-27;999-79-6629;Danica886;Kuhic920;F;166
86f42a26-677c-1c9f-cd71-101bc87faf77;1957-09-12;999-22-2289;Vickie113;Hegmann834;F;16
8f9a594f-1503-666a-b610-de85657cb448;1955-07-01;999-82-5358;Antoine384;Nader710;M;255
31956da2-0ebe-225d-7d4e-16aa157713a1;2012-04-23;999-68-1498;Adam631;Abernathy524;M;256
76497d0e-bf28-a6c6-d813-9d086fb44266;1996-06-08;999-10-9676;Aurelio227;Goldner995;M;257
d10a9575-77d2-2c43-ae59-2a3a6ce13d3c;1985-01-20;999-72-1392;Alva958;Schamberger479;F;146
c18ca1a8-c6ef-38c6-8205-e45ae73664f3;1965-08-08;999-76-5050;Branden904;Cremin516;M;15
87778ea1-368d-2569-e45b-211c91aafbec;2022-03-01;999-80-3461;Amalia471;Cavazos163;F;94
c42ef593-d2d6-4e7f-cf02-0d5a6f083d9b;2006-06-04;999-67-5813;Josphine206;Hyatt152;F;114
8bde8044-fb82-3424-3449-bcda036bb6ec;1959-11-01;999-23-8132;Harriett813;Mayert710;F;4
f21268a2-e0c4-d56d-bc35-f7bd37464104;1955-11-30;999-25-4120;Guillermo498;Flatley871;M;2
c03384ec-a52a-61e9-5edc-bd8cf3940dde;1958-04-29;999-42-2369;Raymonde315;Swaniawski813;F;172
ae112424-c82c-5333-bb79-5cc576bdb4b1;2007-12-02;999-21-3183;Katy259;Champlin946;F;24
24abdf52-379a-88cd-2ae5-95d405eea66f;2007-01-01;999-25-3996;Brendan864;Kuvalis369;M;170
ef2fb001-5004-1eb9-9b67-5d1fc860fd06;1921-07-16;999-90-6114;Kenny207;Volkman526;M;42
f6f990d2-4c24-e612-9142-f6044595065a;1955-02-08;999-27-1143;Theresa98;Thompson596;F;256
a7675515-ee0a-ca35-eff7-1eeaee50dd38;1984-10-13;999-80-8627;Rod343;Halvorson124;M;28
e187213a-741d-dd2d-50e5-40de719e3833;1934-08-25;999-49-6303;Stanley702;Bruen238;M;145
ef6b2b09-2111-eb11-051c-e18550283767;1989-12-06;999-97-8631;Rose199;Senger904;F;94
d41320e3-fd1c-262f-d0e5-76053f00859d;1985-09-06;999-30-8743;Andra606;Hoppe518;F;219
8e61877e-cc39-d930-0cde-3a9a38d99c87;1950-06-05;999-11-7104;Federico589;Stroman228;M;85
1adb7d06-b265-fd17-d9b5-7f67eeff6924;1960-09-11;999-45-4162;Daina567;Raynor401;F;114
7476e05a-b1b9-85ac-729c-712afca5447f;1951-10-31;999-45-7126;Earnest658;Hilpert278;M;26
df735392-6ac1-ca2a-1efb-3c384d12f209;1977-11-09;999-63-1476;Halley419;Thompson596;F;258
ce7abe29-d175-0bd2-15d2-0b36a4fd614c;1996-08-12;999-20-6281;Gerald181;Sanford861;M;208
f1994a31-1bfa-9b32-81b5-3fa89e47bdd5;2003-08-08;999-46-3946;Garrett899;Kuphal363;M;46
91431613-0087-8e78-47da-433443f6bd9a;2018-03-06;999-66-3950;Werner409;Sporer811;M;142
b521ac86-916a-9b09-180c-5d7488585662;2007-01-26;999-87-5842;Fernando603;Mayert710;M;21
66688826-8f1a-a93c-6de7-664aa3c16c31;2021-07-09;999-93-2264;Lily490;Russel238;F;217
4233a085-7b65-fce1-9abf-fea0210b0d52;2000-03-18;999-76-9523;JosÃ© Emilio366;BermÃºdez789;M;2
81f547de-cac6-fe30-0e91-439c22564615;1987-07-15;999-55-5420;Adella39;Leffler128;F;2
9330fc05-c4b0-9182-ef50-b72f915a3b4f;1933-12-01;999-21-6920;Merle11;Boehm581;M;231
5a8300dc-fe86-ec99-9625-680032fcac75;2013-08-26;999-61-4720;Denis399;Leuschke194;M;89
0dd892e2-46d3-9c0a-200f-25b8f5449004;2005-09-15;999-98-3650;Nathaniel596;Rath779;M;184
c0c8d3d8-3721-62c0-3bb0-a22488a723dd;1998-01-29;999-93-9540;Bryan958;Feil794;M;2
7c41a1a8-03cf-4227-22aa-6e088d97f361;1929-06-23;999-10-6699;Wilbur107;Kilback373;M;259
48fced10-8ab6-1742-7f87-b07672b99d89;1958-07-30;999-67-9915;Lorelei90;Von197;F;98
c67d9154-8ba0-e680-cc2e-353cb8eeaa07;2004-05-12;999-80-6211;Lois157;Bartoletti50;F;76
2ce5d03e-2e06-aaf2-213c-55478fee8fc4;1992-08-19;999-97-3156;Donya787;Rempel203;F;177
485e922f-eeec-2df4-bc79-87a5c4d560ee;1969-10-21;999-18-6394;Jaime666;VelÃ¡squez56;M;260
6f478161-ac2e-ca54-8921-15974e296973;2009-10-26;999-11-2057;Luke971;Kreiger457;M;73
41eebb79-bb23-d680-99da-a7ec57c9ea23;1934-08-25;999-52-4181;Johnathon489;Collier206;M;145
00229e4e-2b4a-7587-e7f3-71d802547223;1957-09-04;999-36-5914;Bobby524;Donnelly343;M;134
a3528255-f7be-8d1e-c3eb-0c11ae57131e;1989-08-20;999-85-4562;Gale827;Hammes673;M;70
b0d3781a-2b39-0652-a0c7-a6ae27e633cd;2009-12-08;999-66-8543;Rivka589;Hills818;F;255
1c81294b-d081-f4ef-d955-56e92599683c;1967-01-01;999-71-6489;Marta91;Toledo81;F;2
a91faa98-21ab-09e1-c944-7bbb15eadfe9;1996-09-17;999-96-2743;Andres25;Treutel973;M;2
c94b4d17-cc20-08fb-13f9-29553ef8a5c6;1958-05-22;999-39-4278;Demetrius568;O'Connell601;F;39
afdc2a25-e5d8-4f93-69f6-5978f29268a5;1974-06-22;999-55-3829;Meaghan273;Wuckert783;F;149
01eb31cf-30f0-ffdc-7899-8e5d6abe48db;1975-06-03;999-48-1470;Santa373;Abernathy524;F;26
db74efb8-bba2-0fda-4eef-5d71514733ea;2009-06-16;999-33-6816;Idella49;Torp761;F;119
6af6aa0f-5581-4964-7e6b-a335fae19a10;2021-11-27;999-39-2364;Winston220;Morissette863;M;2
edb82032-16e5-c582-f970-8e8e5084651c;1989-03-24;999-70-1121;Rosa195;NarvÃ¡ez57;F;55
ba7f2bb2-87b8-1732-7848-261ca7c23c0a;1976-07-05;999-79-4576;Dante562;Wolff180;M;261
0e84fcd9-f458-d418-c1ca-f8e50c66c0f7;2002-12-08;999-30-9188;Joel444;Greenholt190;M;262
505204a9-88e3-3426-f5af-37c081e3462f;1968-12-06;999-34-1538;Darrell400;Gerlach374;M;2
71667beb-bc45-1851-38ce-b125caf7481d;1976-08-31;999-12-7537;Denny560;Haag279;M;122
b2bbfb2d-12aa-3956-04ee-e88a08e1f5bb;1980-01-10;999-75-6962;Apryl870;Jacobson885;F;16
27410a2e-5ce0-85fe-b26e-8ebb51df6f51;1946-04-04;999-25-3449;Loren192;Feil794;M;2
480101b6-bccc-b5c6-1f75-9a4c20734b75;1921-07-16;999-47-3126;Edmundo94;Hand679;M;42
a9dc55e8-a1fe-fdc5-e72d-401942e65f92;1961-09-10;999-99-9842;Josef103;Predovic534;M;168
d426a2a3-61f2-1583-ce04-0ff2e92cb110;1967-10-31;999-30-1662;Rocky100;Legros616;M;55
e8a0817a-3fec-704c-564d-6cf8932e2432;1977-06-20;999-98-7936;Jack927;Simonis280;M;26
874363ed-8bee-03b3-9a1e-9641b58d02c5;1975-06-03;999-21-4692;Georgianna701;Bartell116;F;26
7b350011-9199-649f-bd3b-562cdd13ceb5;1998-04-11;999-41-4796;Mercedes82;Schuppe920;F;2
d13890a9-7564-6fa3-4d76-11ed4cc6840c;1998-05-23;999-51-8424;Curtis94;Reilly981;M;2
2a76bc7b-3fca-0771-4198-7915aad7975a;1969-06-15;999-42-7506;Eufemia350;Kuhlman484;F;2
18c84689-0161-e6fd-9ff9-34b1f22083d4;2007-06-24;999-10-8834;Joel444;Hyatt152;M;2
9caf58d2-4ab5-00ed-fd9e-8b1212b2665f;1977-05-18;999-64-8158;Branden904;Altenwerth646;M;16
3c904a8e-5d93-4fc5-a8f1-844cefc54bea;1978-09-20;999-98-6576;Renata373;Ferry570;F;111
9eabb384-778f-2c6f-e93b-00c0b77eaa8e;1934-08-25;999-46-6684;Dalton260;Grant908;M;145
8a67dce3-df56-dece-310d-f9bc89b13834;1981-02-25;999-44-4021;Jay242;Jerde200;F;26
7fe3f62b-33bb-0e13-c559-2d833580d02c;1970-10-22;999-53-2350;Cherise743;Gutmann970;F;139
a12de299-d263-06cc-2f8f-c32bd29b3327;1974-04-10;999-19-5400;Madelene819;Lockman863;F;151
cb19f342-36dc-589a-d1e5-835bc42e6468;1960-04-03;999-43-3821;Garfield38;Ernser583;M;45
ccf2b255-3447-079c-da77-4cfbdbda4114;1916-05-30;999-66-2948;Alejandro916;Bahena335;M;57
b699fc48-d80f-55a2-2886-0166cf6f7ad8;1969-06-15;999-48-1243;Sheryl275;Mohr916;F;2
e954f081-4d75-a871-7e1a-9161bdcb8fd1;1978-09-20;999-55-3709;Rossie247;Mitchell808;F;111
f485327a-b041-3cda-f050-205d6d84dae6;1921-07-16;999-60-6906;Jamaal34;Homenick806;M;42
86d78696-5460-2094-7e6d-298c22ad6ef7;1916-05-30;999-80-8845;MartÃ­n25;Covarrubias273;M;57
979be0fc-b5dd-2417-2942-86924d6ab71c;1916-05-30;999-97-9659;JosÃ© MarÃ­a211;Haro814;M;57
c8662a43-597e-d688-5455-71e505af0eb0;1916-05-30;999-16-4752;AdÃ¡n600;Camacho176;M;57
